제품명,링크,가격
프리미엄 감곡 햇사레 복숭아 천중도 백도 황도 4kg 말랑이 딱딱이 딱복 산지직송,https://cr.shopping.naver.com/adcr?x=09xP5XGlK8VvkWs1t%2FRFe%2F%2F%2F%2Fw%3D%3DsKfP1oHtw%2BsOqA3O5ituLRxiv3kCbQtiq4CwDoOEZ78A2hzLHBr87GDVYkIpswSN7gBGfyFfpi2nlGxUAgnPbd8KdlAuo4CRofAy%2FiHp8jqv8RtWXQ%2B4yWv%2FzzZujOpojNASUEtdCfHHeV95ndSB68UViVhdAU4OT7dEDRCI7HOFA8nBCqPT4pkFDLTgcW4ZCyaxxRm4H8HcYDi0B3B3iQmfQT7uWwvxdz8nMvhXCKF0K%2BZNdLRGty2suAU3fVzS9VkVyB50Q1a6TuEUPzjNNYCGHDvsGQoUHd%2FG2Ez5s1IA%2Fa18qhDQ1A%2FKJp3fgBDor391W%2FC1w5SVs2sYtTdFSevMVBXh1Leg0eRImCpoGbxALpij1n%2F1gl7jQzqJ0FQsm65ZesbGsraQZ4SkMEVZl2SHaHjs2W4J5a9f199%2Bt%2BHzdRB%2BkQWxCRWrfJqN8VUbFlFoslLbPDE5T2QRU0C10plSZEth0cKqnouB%2FkuQgfgeSD7%2Bzqw0a76C41lEHS1O8v4yq9I4Ruovp5TsNOQvqVt2wd%2BbXqAEnSe7sa82SKu6pQon4dTWoVefPZgxmR48rDzpKLZlAlCA8uA1UaVQLcW6Dmj221GiBRyEiPFIYftY7wjRZOOq811zkeyS1aF43kAlOKwPahCEyYd9E%2Blamjp2L4BVAIBSyL3SEk6RIrlIyNOPHknZAdG%2F828mLrNcmba7j3GjJJv4SKsmSDZLGxEHQIiXcF4qwUXZ2sX76wW8%3D&nvMid=80888448193&catId=50002183,39000
딱딱이 복숭아 백도 황도 천중도 복숭아 딱 딱복 말랑이 털 물복숭아 물복 거반도 납작,https://cr.shopping.naver.com/adcr?x=8AzDSiW6WLgP4LkhgOZ27v%2F%2F%2Fw%3D%3Ds2%2FT1E2f80D4%2F4%2B68tozWtgdpIF%2FmZTWhpPkOXY5hvCk2hzLHBr87GDVYkIpswSN7HMCemfYFlE0%2Friqpvg256sKdlAuo4CRofAy%2FiHp8jqv8RtWXQ%2B4yWv%2FzzZujOpojNASUEtdCfHHeV95ndSB68UViVhdAU4OT7dEDRCI7HOFA8nBCqPT4pkFDLTgcW4ZCyaxxRm4H8HcYDi0B3B3iQmfQT7uWwvxdz8nMvhXCKF0pDmb%2FQoVXL4i%2B7%2FpZYUVNVkVyB50Q1a6TuEUPzjNNYCGHDvsGQoUHd%2FG2Ez5s1IA%2Fa18qhDQ1A%2FKJp3fgBDor391W%2FC1w5SVs2sYtTdFSekMae6jGs6vEqES05cGYXYPm0LBZauvOPd5%2Bzrnz6ICv65ZesbGsraQZ4SkMEVZl2VdxkIFN0wjSrr%2BHAE%2BxRvovMY7LBdY16nB6awCtgs4Nppd721xVpzowMfiVEf%2FaKxjgkG4MLkrOVWgLx8XWXIpJlQ5hnYX8wckBMhFGqsXcOF7lFE7hYF8Bvn4TWZoGD3nA%2FISq7UV8CMkzOx5pkOKELvuVxniOD4SpFV1ooWuQoK6jfdQOZl9HVGKjP49fbFsp%2B9zzQXqO%2BAy8AnDG4BP2oviV%2BO7gQn%2B9qbrgqH2fo64FkP9CQbIx7neKc6OctWFUxURIbURnNMIFXskiBiwoB9Uj7Ng8LVZfNBEuQgl2Pvc0gEgiA74qfoQp9miHVOR79U%2F6Az3gE9mQ%2Flgn57E%3D&nvMid=80807399850&catId=50002183,22900
［당도 보장］영천 청년농부 대극천 납작이 납작복숭아 거반도 딱딱이 말랑이 2kg 3kg,https://cr.shopping.naver.com/adcr?x=J9xPUOkpUU8ohcmsAnlgU%2F%2F%2F%2Fw%3D%3DsCx48QkKZzFVIB4cWPrz6Qb6mQ9tHCQEAcismhCs6Za5UZPh5rQI4WZSq31vmdEjR3m9pBHRTSBl1o7t7a6uhl2g6HabDTRx466CGciRiUnFBZuMfzSBinsMMtj7lqMfUAhMOT671R3TELOZrFPg25rngwyFAwETEduOZfZxigadOQaVye2hi9%2FbfeZLmFKhjRL6iu0rN9ANYEXkZX8p%2BoSEm%2FeWMmjv1VUimPr%2BbdY6W3jlzJ6mR1El0GsQyEQOH0WvUfbhzpLhgj%2BkloN2VSNKWeeKdrv26wW2%2BcXTkFE9r6kdrp7BvT8OlwZ7P37YyZp%2FuhVWf5tMOyu5R2EADuxjqtrWEJ7mt6YZjgJ5Q52QhgF49B6AIrB05%2FJBy53j88k4FXScHXDotxxktSFu0b7GftJxXJiPuGUHzPNVbIpBXOz3MxqoTPChjU6B7agvWnoeyTZlOJnFPAO7QCdWz2QKVKncAUzr9s30nzL2JeDgQ976h6ig8PRyVtmlPy0IW3GC1to8AI%2BHcprb7JrvAjiFTG2jAtCjIT0%2FIibnimwOqqZ0YVnfTwy8%2FWL08%2BeSBDsWXFIin%2B0zL6kORwmP76dVCw93o7Rm7CZqxTq2njXL3ne0lpZnlf69%2FWr%2F48wBzsQocLEGGa0wsleHc2pFkrZglAIpOzk7Zy4dPETxs3kWxko7eKSEUnIl1QkpDYwvqu57Ungw%2B5bDxbPhY1pOz%2Bg4SwcLvxUEucVmH%2BcOht40%3D&nvMid=82524204507&catId=50002183,39800
[영천스타농원] 경봉 천일도 유명 백도 딱딱이복숭아 당도선별 2kg 4kg,https://cr.shopping.naver.com/adcr?x=51CqHYr5AV6JDDEwgDvA0v%2F%2F%2Fw%3D%3DsAsHTpkdsAYV6%2BfrlXRGlS5QUoHJfWX7pvmLCiUqnuklUZPh5rQI4WZSq31vmdEjRgPqWwQu4FTzrqSakcB3QKWg6HabDTRx466CGciRiUnFBZuMfzSBinsMMtj7lqMfUAhMOT671R3TELOZrFPg25rngwyFAwETEduOZfZxigadOQaVye2hi9%2FbfeZLmFKhjRL6iu0rN9ANYEXkZX8p%2BoSEm%2FeWMmjv1VUimPr%2BbdY4IhEmfooCb3r4iz6sg2OTK0WvUfbhzpLhgj%2BkloN2VSNKWeeKdrv26wW2%2BcXTkFE9r6kdrp7BvT8OlwZ7P37YyZp%2FuhVWf5tMOyu5R2EADu%2FIso67YBJL%2F0A6CsOKumwf%2F%2FB%2Bg3Ttl%2BrIUg2PdrkdcdwnULnsLPHqAWq7fV1CRGdgjRrG8Hi59i92cOTvGbn08ZFhxSoW0i99daMbuqVOzxlaZIfxgwS60eGVzSVjD46yEBxpYFRFnDTyT9IuMnAl5xDBblkKEOUjD8GjF5fJqRUEGZI8oxOqB%2B8kxp9l4u64BBgGuwh6cMoXm1KSR%2Fg8%2FTIDtrypZqoptw41gGD7z8ZYk8lleBgRo%2BUrEUVNx8keOwyea3jJ2YZBgWLdr%2FgypYSmCfw%2BGyWa9buT3PzRuVNbBE%2BmLoOwKNvm9qsXvunrhqqPSX9lxxAOeGqVtDTY6HJZQgjI8VSlbO1R88zJ2DVCYCaeglF2rgr1u2OQIzQ%3D%3D&nvMid=84464639717&catId=50002183,29900
복숭아 황도 백도 딱딱이 말랑이 딱복 물복 대월 마도카 경봉 김천 4kg,https://cr.shopping.naver.com/adcr?x=yzK2xaIlJS4ln0RrHgWLDv%2F%2F%2Fw%3D%3Dsx6wVux8vhwCGeCLasX0hHPCDIQcP2AUanKELtKz7xt9UZPh5rQI4WZSq31vmdEjRkItsqtKpHFHBenjjiqs3UWg6HabDTRx466CGciRiUnFBZuMfzSBinsMMtj7lqMfUAhMOT671R3TELOZrFPg25rngwyFAwETEduOZfZxigadOQaVye2hi9%2FbfeZLmFKhjRL6iu0rN9ANYEXkZX8p%2BoSEm%2FeWMmjv1VUimPr%2BbdY6dBr2kOZjmuBjte%2BkGVkJr0WvUfbhzpLhgj%2BkloN2VSNKWeeKdrv26wW2%2BcXTkFE9r6kdrp7BvT8OlwZ7P37YyZp%2FuhVWf5tMOyu5R2EADu8%2Byr9Pdc0573%2BDacDqUZ9c907QU49CBtAd490xUqvBh8k4FXScHXDotxxktSFu0b8tpyeKYcoAhtUAvtfbFDVJfkYqqOUOX09vsbdm0RKo%2BGrnZQqRq3D3cyLV5HtjVmntWvx4wpQ0ZAawpqN%2FH83w7SS3gazvrHD1MaUQ928G9APVMcGEt8ZMkdjTEkOBZTgwcJLEp7NxyF5cJzEXem6Viw4dGDzGl6BJ4uiTIBVHIlB70vjWmr%2F8zUJEQGC96wSulG0SUtXPSjg4LJwzl629MgRMcs3KzajSOCbGpFQmooWZTqX%2FbfcvBgl9xDidODe79Tw379DWLc%2FrpOprMsziRIWIZFvQDPlDATwIFaaMCQdAiJdwXirBRdnaxfvrBbw%3D%3D&nvMid=82570697124&catId=50002183,44800
정성을 담은 인생 복숭아 물복 딱복 백도 황도 황귀비 수미 납작 딱딱이 말랑이,https://cr.shopping.naver.com/adcr?x=hnkPhRxWa%2FQypOKTwZ41Of%2F%2F%2Fw%3D%3Dsx%2Bm4gP0Cot8crMUbAkql9TgO6dSMRIpk7QYsxvgbcn%2Fddpgog6vog7UDVTVuLsDchM4uDJ7JqzMEOljSGjW8IDXJD0NsZoE8wg%2BLc2SvDZhHRaISaXjSXtxpkOUV9xcVj%2FtKL46mI2Odd%2BpAh%2BF0GFQWcOP4Xym6s%2BF806%2FxI2JKabJehOrWBJx4NRBx0d23hNAWEw0JCsb7LJXBJqKWV9015zgK%2BP5r4ZCysDfiDpX9cDMTJCWxkk7B7mcVzDnXiniWdx7on782WJypPy1hmTForf4nGUgPwiv53t%2BtlmqAbCY81f975eS5nfR25FBiP83WAv8GAIoQ0MwLPWeb%2FZIKMqVrKBXVC0Pr%2FqLkVG6%2FiEXsQV214g7GsXBG8NEaaEbJtGxjvVB5xy5CQC17dgE04ks74gm%2FBT638gJia5aMHn7BDBNaqXNmoKbAeTMvQYZui1b0wFN3blIQhfy%2BagtI%2B4cShC9YL0lOTca%2F%2Fbv1CJsNxm%2FZC68dZklX5rz0ksLDSuLkkkMO1N%2Fqt8hLqAi%2F2qehqA%2B9Bj2bLWh7yX9qKNrysoNmosi%2Bo9X2I9OOf2xKUIJEnuq2krr4aLLgGW9tQLOnzChCBQz5F9uAQ0mV9l8EiVctS8Q3TQZxemo1PVzPTrxslHIPszD%2FVYe%2B%2FlzDPM1c7fyGZY1oMVQNSVpjEJSxqcmOvY9yswZLSqvwLlFTaYYMboAKw5RFy%2BLQ%2F4KoDr6us%2BRKRCOTdsWr9TI%3D&nvMid=82559524318&catId=50002183,42800
못난이 복숭아 못생긴 흠과 백도 천도 가정용,https://cr.shopping.naver.com/adcr?x=xKkwo2CUrAq38coEKaf50v%2F%2F%2Fw%3D%3DsoA1tMqe%2FO%2BgFMrDQfPznlZNXkATyX1Am5Qy%2BTiceQO82hzLHBr87GDVYkIpswSN753M9ql2jn3SlyaxzZ66TlMKdlAuo4CRofAy%2FiHp8jqv8RtWXQ%2B4yWv%2FzzZujOpojNASUEtdCfHHeV95ndSB68UViVhdAU4OT7dEDRCI7HOFA8nBCqPT4pkFDLTgcW4ZCyaxxRm4H8HcYDi0B3B3iQmfQT7uWwvxdz8nMvhXCKF247F8S4KINDX3tPkl3RbeCVkVyB50Q1a6TuEUPzjNNYCGHDvsGQoUHd%2FG2Ez5s1IA%2Fa18qhDQ1A%2FKJp3fgBDor391W%2FC1w5SVs2sYtTdFSel9EYo5BhV3uXuq%2FXx9Dw8n%2FHtzMXmAC%2BQsNMDDfHMIf65ZesbGsraQZ4SkMEVZl2YNZX4WmHaEieOH1DFb2Zm%2Fgc4%2BpM3bSqwDguDrxRlNJhMVqU%2FmXZK4DNd1yEpenrotmKiQfUrszzVr1%2B4FJTTNI4gWX2wzbRT0nfw0CmXM09aftoJroLHBS95tsYqP%2F%2B1NRbpxP22MTE4ed17nWLfGeo%2B%2FsR8haXDFnwnpXXkDfD%2B1GzYyCQAVsDO6ulMSbliAvpgN78kmIr5eCVq2SiaxKM3b7W%2BTLQdOESOmokOlvW1fsAC4l51NZQ2M4TbsRAYKoDr6us%2BRKRCOTdsWr9TI%3D&nvMid=82569374809&catId=50002183,25800
아삭한 딱딱이 복숭아 선물용 당일수확 산지직송,https://cr.shopping.naver.com/adcr?x=i8irpT%2FyEqoGecud1qFLnf%2F%2F%2Fw%3D%3DsNUz%2BeT97C5F81Y%2BZvadaC%2B8e0O1ZroO5tHPWM3aGZ%2BQ2hzLHBr87GDVYkIpswSN7u0F4luY40F07sj%2BNn2Mj9sKdlAuo4CRofAy%2FiHp8jqv8RtWXQ%2B4yWv%2FzzZujOpojNASUEtdCfHHeV95ndSB68UViVhdAU4OT7dEDRCI7HOFA8nBCqPT4pkFDLTgcW4ZCyaxxRm4H8HcYDi0B3B3iQmfQT7uWwvxdz8nMvhXCKF11ybgrVorRFKEKJ%2FcmWGTxVkVyB50Q1a6TuEUPzjNNYCGHDvsGQoUHd%2FG2Ez5s1IA%2Fa18qhDQ1A%2FKJp3fgBDor391W%2FC1w5SVs2sYtTdFSepuc2I3eVYfvSknHpQxK2AD%2FHtzMXmAC%2BQsNMDDfHMIf65ZesbGsraQZ4SkMEVZl2XPOSUYirEVWCIMzWSwSOXpeXs8JhKr1w%2FfTQog2lGikMtzCYY20oDywpi1i4mITyQ2C1a%2F0PdiMPUl8a9KD5ZmenLaqbAwy2zjOLts5mFvczJBgjP%2FBJxeEAjDLHr94EA%2BnaMyS8oJ26Rfom1Zrd1cstM28H2QKlpHUjEnqgz2k05%2FiL3MWsFcTbnjz%2FZLXrfr1fg1ZwO0daebH%2FQokNbd0eajrjXm0HzeCl8xsxUzjqzbJirqMvtCPFpwoNbaNAs2OqH9l6YII5ugOGfB4CYY%3D&nvMid=82569376888&catId=50002183,27800
"나는 딱복이 더 좋다 오딱복 복숭아 농원 경봉, 천일도, 천하제일도, 유명 3kg , 가정용, 선물용",https://cr.shopping.naver.com/adcr?x=GSMDbzriPPfkVvE1SGNSW%2F%2F%2F%2Fw%3D%3DsrZmoWvENNA7qJ5N2Af%2FdH7jNvxXbczxPo3IOHIXqFC82hzLHBr87GDVYkIpswSN7Zx92WKMtlcug55Sf8NOcVsKdlAuo4CRofAy%2FiHp8jqv8RtWXQ%2B4yWv%2FzzZujOpojNASUEtdCfHHeV95ndSB68UViVhdAU4OT7dEDRCI7HOFA8nBCqPT4pkFDLTgcW4ZCyaxxRm4H8HcYDi0B3B3iQmfQT7uWwvxdz8nMvhXCKF3DPuauRFfTewZYqc0RIfhjVkVyB50Q1a6TuEUPzjNNYCGHDvsGQoUHd%2FG2Ez5s1IA%2Fa18qhDQ1A%2FKJp3fgBDor391W%2FC1w5SVs2sYtTdFSerYEmU%2FWuNYJBf4SlEkWFKlTg2pmaTu3IuUpcIGTydIM65ZesbGsraQZ4SkMEVZl2RBFolreuUnPdonk7mjDkLPt3Y%2B2rBjmYNhtAgyYaNH9Va%2FJLBPRc1bs5mUc8lxpktnxV2X3nuX0VMkUoiHJ6wi%2BSBpHFlwDRw4KG0DshOzRpIbHfMZswwjWlMWAaWLWPKtVZ9YHM0aq5Ry%2BWN4HwGt6hdQ7y2rpyiS5zmV0yeiW%2FgP8s3ZONKYTSw1zfE%2F1KwLgT4jOWdOjTK%2BJoSUoSib7zo0I3fr0wZk34bie7A5kD3aqFIa0pj5oH%2BRS0vmipD1cz068bJRyD7Mw%2F1WHvv4zk9xgOQCL2H9DlVshw9g2IuDmjifTss%2BQqxohCKrGugEtKIP%2BC6Jl%2BN90mMW1Ge%2BCqA6%2BrrPkSkQjk3bFq%2FUy&nvMid=82583247485&catId=50002183,34500
복숭아 백도 황도 대극천 천도 마도카 거반도 천반도 딱딱이 말랑이 납작 신선 신비복숭아,https://cr.shopping.naver.com/adcr?x=Evag74e8zA3w%2B47B0kxeff%2F%2F%2Fw%3D%3DslowFne5xHd3moHK%2Fb8vRJveh7Y61DO93%2Bo%2BpeQcCdX42hzLHBr87GDVYkIpswSN7G1YNPIDLRWFBvuHfVUbcbMKdlAuo4CRofAy%2FiHp8jqv8RtWXQ%2B4yWv%2FzzZujOpojNASUEtdCfHHeV95ndSB68UViVhdAU4OT7dEDRCI7HOFA8nBCqPT4pkFDLTgcW4ZCyaxxRm4H8HcYDi0B3B3iQmfQT7uWwvxdz8nMvhXCKF0LnSZ2y%2FbVHBYW60%2Fq9mz5VkVyB50Q1a6TuEUPzjNNYCGHDvsGQoUHd%2FG2Ez5s1IA%2Fa18qhDQ1A%2FKJp3fgBDor391W%2FC1w5SVs2sYtTdFSekLhLHkqXkH4RDSSTm5Z0U18skRM%2BRJwl3l16NsbylChnSk2ex1pQlEANjUFaPp%2BNmQtb9cagWiLM1phW%2FdjfdzQ5IvbWE2s8QZl18FGeP1mq9HuNw1tI2%2F8ZrbGbGKPDYu7kbKDrmEIyCM3dVt1z8fHqO8VFcRYT9bkZJpr9%2ByhH7CouvEBbLn%2FjSC7VFz3CO9GfrE3SX%2FjaQCY9kc%2BM7%2BuuCJEK4NVri5iMzzMTHJoPjM44NAPIGlfrskxeEUQI38HHMRiq9rpr%2FVRwg6k7PYGzC8d5ghAnGhBU2C%2BD1%2FTFGMIqI9XuL5K2fn%2FhEqFd3eLAnAGt%2Bg47eR1TIOXYwqGkXL1U84eHuTd99qVPAabic05Oy0NwNVccnmmNbhZkiBF%2F%2BuCuN6QbUBtg7qkDxlB0CIl3BeKsFF2drF%2B%2BsFv&nvMid=86349649826&catId=50002183,28900
말랑이 황도 백도 딱딱이 복숭아 대극천 신비,https://cr.shopping.naver.com/adcr?x=JphmIifbdulgFlxFJ4w5Nv%2F%2F%2Fw%3D%3DsnCEmOlEpa1EgNLH%2FYGnS1wPY9dqI%2FFs%2Fgh%2B5Tzk58dBUZPh5rQI4WZSq31vmdEjR3qbkcbDIBxz9wVlwtiySaGg6HabDTRx466CGciRiUnFBZuMfzSBinsMMtj7lqMfUAhMOT671R3TELOZrFPg25rngwyFAwETEduOZfZxigadOQaVye2hi9%2FbfeZLmFKhjRL6iu0rN9ANYEXkZX8p%2BoSEm%2FeWMmjv1VUimPr%2BbdY5bDABvOHGN7tW3OiQXzPHk0WvUfbhzpLhgj%2BkloN2VSNKWeeKdrv26wW2%2BcXTkFE9r6kdrp7BvT8OlwZ7P37YyZp%2FuhVWf5tMOyu5R2EADu%2F83yoiha9VyCKPC1xyWcaU%2B0AjMRl5kq61Fkrwnb952dwnULnsLPHqAWq7fV1CRGZUs6qzWl9HKIhP%2FkwDOjaLIV5dEWItN6T4GjgjyhulFIHlQIm3vemlZEeF2zJb9eUVp3qY9Pz2Oi1H7a%2FuB7XpeZMaIM%2B4EA3xrkv%2FLtApI0LcrUCXIfGv2pLd4jDRmkNDxTGFZPPD%2FkkbSlF4QbiOXgppe7g9o2r%2B5KrpI%2FxZUcg1428xUWJt9B41vQjulVU5RdFuAASYbg%2BZFMPgfPQ09nx3nVOivk8F9ltXyaF8kNN8ooMBXMwLtd28OULv91UHQIiXcF4qwUXZ2sX76wW8%3D&nvMid=84437453235&catId=50002183,28900
복숭아 딱딱이 말랑이 백도 황도 거반도 납작복숭아,https://cr.shopping.naver.com/adcr?x=d7IzWG5SYGM4sc3IyCMA%2B%2F%2F%2F%2Fw%3D%3Ds9orOlOJxOJNYq4Bw%2F1TLnRp%2Bp4ffX9NvgIgErqbNa%2F1UZPh5rQI4WZSq31vmdEjRG%2FUbKPCrvCCKKYFy6C1CEmg6HabDTRx466CGciRiUnFBZuMfzSBinsMMtj7lqMfUAhMOT671R3TELOZrFPg25rngwyFAwETEduOZfZxigadOQaVye2hi9%2FbfeZLmFKhjRL6iu0rN9ANYEXkZX8p%2BoSEm%2FeWMmjv1VUimPr%2BbdY74IbDob%2Bm4TmUETtrwAm5829HlRiL%2Fti%2FV%2B%2BXR2neojwlIoSvKTA%2Ffvxn7nqCVPzyk6v2w9jBqMGR4TTsgYaQnlII%2ByYYqWVu3SSXxcjEJdM4QYeCqx5vz1rnWXQ66Xc1PiaIOyMOmPheWBDVI%2FV9isD6uiSpe8BECiHp%2BoNyFdYQwXRUohUhXHaK9HpnUSLArEGKjWsd9Q6AOYo37G6rXxHaGGqPsiNBDMYz2sKh9ymwkMk0RidQjvmfj%2F%2BwihiFgFrouJav3V9Jm8v9ZO4lLYdUFfTn%2BXszxGjF%2FFuKkMbOMlUlTLJgU4Jdnd9dEhKgWF6JM12F5XErcRrevVdQE4%2BBEYLCiUIZWBPDwehd2IJDi4g90WsSgn%2BH6yHPpUhKrmcxEiBVwjspUUmV1LVDLLtY%2B8mrTU7uQCJ3Gt%2F1EOgN%2BQsjK6V0FLd%2Fybx7qcubNSE3OzZUT76KyqzckASmm&nvMid=88088581787&catId=50002183,22900
당도높은 감곡 햇사레복숭아 고당도 장호원 복숭아 그린 황도 말랑 백도 딱딱이,https://cr.shopping.naver.com/adcr?x=Kd7VWyKrpM8f6TMiSHl70P%2F%2F%2Fw%3D%3Dsb%2B8Xq%2FTHN01%2F4VLk5YwSprQLa5jKa8r2rg0fXj18D8Pddpgog6vog7UDVTVuLsDcqxBzNi12O6jSJCoBYR0tuTXJD0NsZoE8wg%2BLc2SvDZhHRaISaXjSXtxpkOUV9xcVj%2FtKL46mI2Odd%2BpAh%2BF0GFQWcOP4Xym6s%2BF806%2FxI2JKabJehOrWBJx4NRBx0d23hNAWEw0JCsb7LJXBJqKWV9015zgK%2BP5r4ZCysDfiDpUyiUKjrA3GyqcCi3FWMYCqyWvDHQUuqLRRlKvFz4M2gTForf4nGUgPwiv53t%2BtlmqAbCY81f975eS5nfR25FBiP83WAv8GAIoQ0MwLPWeb%2FcYYG66qsg1yyMgEu983VNJqjDBHc%2FGjwZQPZgrWwSfAoj8wnuLqQbY6DevURveFWrGuT4iOZq9zUyXhIEmwdPPN81WjUpxJVJrN5mDsz4BplMiPPZkgpNywhizUdZhgxJfOZxt%2BDpnpRVJabSYppBxCBsKegO%2BFCdfdTuqcaQIFpHHcyGCd1UvfJUVDzRxoelFO%2BQ0%2BPihqKR44kKe4Qzm3P63blC1RF3Af2DRTNXWlDHYDmXJPTB0W7KM2drHQ2QTPtWbB8FhqTWFCWBEkHjJbxamwsc5X5ZkzZhx15Ke8sQocLEGGa0wsleHc2pFkrT0gg5nJZ87lhjcj8Q2PmoAv6tbIDodZ32CoQCfrxKTR7tghVYqxfA5OvRQ3OddTbMtVYavx%2B%2B8fWZa9SBc8rqM%3D&nvMid=82568130583&catId=50002183,36900
복숭아 신비복숭아 납작 거반도 천도 말랑이 햇 황도 대극천 백도 딱딱이 달콤한 고당도 제철,https://cr.shopping.naver.com/adcr?x=Wku8xXW9S9FRMVwaUPoilv%2F%2F%2Fw%3D%3DsXFPgz15pX57XdRuQcfUd%2F41hg5oGcSY4L9Q3Yp3Ox9A2hzLHBr87GDVYkIpswSN7iqBdhf7PkNL74rcfc7n%2B3cKdlAuo4CRofAy%2FiHp8jqv8RtWXQ%2B4yWv%2FzzZujOpojNASUEtdCfHHeV95ndSB68UViVhdAU4OT7dEDRCI7HOFA8nBCqPT4pkFDLTgcW4ZCyaxxRm4H8HcYDi0B3B3iQmfQT7uWwvxdz8nMvhXCKF1UwT4TCyuopzaGsmQfHfp4VkVyB50Q1a6TuEUPzjNNYCGHDvsGQoUHd%2FG2Ez5s1IA%2Fa18qhDQ1A%2FKJp3fgBDor391W%2FC1w5SVs2sYtTdFSepFH5Q%2FCrtBivtjKYDdtf43mWGy51yoDxVSHWmykJntb65ZesbGsraQZ4SkMEVZl2aMQPluFKc%2BD3Exg35jkonNwv%2Fu5iaP%2FLJ3IyNvW2T4k783Xhd7%2BL6xZIWsUWIOIQ2Egt%2FKZoGKKwPLICPW9D0EiciPX1YBpshiVrn74vshznG7AZdd9scN7h%2BsiLPz269jD150nFuSttElIrSPFO%2FfNF7FhEKN%2Bb0tDAsrkCh%2F2VsAO9bhmMP2ASdfu5AMj%2ByHHfnaQoRcyrDjfCgOGCPTdXa9gcjQpUPeSeY%2FHTYcYpffiNzVA9arqmZ8mXMO2IQ%2FtRs2MgkAFbAzurpTEm5YRFoKNx67zzRN%2B%2BX97RNPi%2BFpUVCzFyI3Uci3dn2h%2FYLLn8UKEptRc9mRZ7UdfHFiCqA6%2BrrPkSkQjk3bFq%2FUy&nvMid=84370991647&catId=50002183,15900
달콤한 금강농원 감곡 프리미엄 햇사레복숭아 말랑이,https://cr.shopping.naver.com/adcr?x=m3l%2BLQoRJASctnxn1GLqrf%2F%2F%2Fw%3D%3DsEFY%2FSIDdb9WqACdXvdOy1dBQM6UXmZY129mISMhvHiE2hzLHBr87GDVYkIpswSN7pNDOAkSnP9NUXei%2B9HSFYcKdlAuo4CRofAy%2FiHp8jqv8RtWXQ%2B4yWv%2FzzZujOpojNASUEtdCfHHeV95ndSB68UViVhdAU4OT7dEDRCI7HOFA8nBCqPT4pkFDLTgcW4ZCyaxxRm4H8HcYDi0B3B3iQmfQT7uWwvxdz8nMvhXCKF3mzDERptdcAEDXeqQM8HGnVkVyB50Q1a6TuEUPzjNNYCGHDvsGQoUHd%2FG2Ez5s1IA%2Fa18qhDQ1A%2FKJp3fgBDor391W%2FC1w5SVs2sYtTdFSeoiGQ%2FOYIpmn6zBaoCYrR4tByZLgnrGY1YC9VmjuwGix65ZesbGsraQZ4SkMEVZl2WnCYI761S8l8UzVxVFp79PFBXVOhmxHskjKa3MZLVwcBGO3XgspZ586%2BG3%2BnqGLwbgDTN16yrHb%2Bs3AF4zYcijyMaZ1%2BRJ%2BV7PugzYyoKI9dHxnOyK9DLvKuawU9LEBoad9bzz91le1cgB4fueGPUUFEPKkPo8Qh7E%2BlEvVp9GnEg9rDXpp%2BzKyoZ0RW4p4mrvLiH3RcPCmRYeJCrrDOGBPpiQp072wxKam4GqwzNgd%2BvfRuG5hBsyn3D0lmn%2BdT%2FOnrjhZamMRlt8bZs%2B%2BsbENUJgJp6CUXauCvW7Y5AjN&nvMid=11928947031&catId=50002183,43000
거반도 납작 복숭아 천홍 백도 황도 천도 딱복 물복 말랑이 딱딱이,https://cr.shopping.naver.com/adcr?x=Hi7hCKjZC0GeF6eYO4rAs%2F%2F%2F%2Fw%3D%3Ds701U3wqXCMTuwdpTF2WCr213P9sAYH0JV2QhlG3XTBQ2hzLHBr87GDVYkIpswSN7iHfvWSnPvmJcxYg3diH%2Fp8KdlAuo4CRofAy%2FiHp8jqv8RtWXQ%2B4yWv%2FzzZujOpojNASUEtdCfHHeV95ndSB68UViVhdAU4OT7dEDRCI7HOFA8nBCqPT4pkFDLTgcW4ZCyaxxRm4H8HcYDi0B3B3iQmfQT7uWwvxdz8nMvhXCKF2%2FROdlu7CJ5s8jrUbHVDZ%2BnQPUMEmDgz2XWE2AIvheVBKy3LoYl2rVajvOxbF9h7C54J8UO7LDGXdPU9Do8oyMXmq0wb8nQ9S1CNyVqQgAyKcjtrQaFS1ST8UOm0MWEH1lE1tFfr899RTRsccq%2B%2FI9Ldtq9WETdaC8Mi8XlzMWcjWKtuqo2knkyjcTVvFlNx3p%2BWgLGvZiZkHmgOfnw6DoH0pw%2BaQ7qJp%2BliRuZRMpShURFoVqHotZ13rUAzCNunUY4JBuDC5KzlVoC8fF1lyKI6ojXGSTVZCkwUC1w4cyHbLHXVwbngyGhv4pSnksCBBCM%2FeAPC%2F33dtDOofz5xKLZZV1nYssZSTdX5FZe4e47%2F0kJCwxBBK3BW%2BTOGqVBgWQCU4rA9qEITJh30T6VqaOWeT714kueW%2Bch07MZKfQDI22r6L0PbIs9s43pxDCY5PdITqG8gDfIKQ0hekznHQLgqgOvq6z5EpEI5N2xav1Mg%3D%3D&nvMid=87693948758&catId=50002183,36900
고당도 충주 하늘작 복숭아 선물 말랑이 황도 백도 딱딱이 물복 딱복 3kg 4kg,https://cr.shopping.naver.com/adcr?x=gb3y3Klf1mXrWxlsBzp0HP%2F%2F%2Fw%3D%3Dsyi8pt5plmJzcYPGkghUJWXb6jIWW63TBOpYM%2Fh7Kdcjddpgog6vog7UDVTVuLsDc62oI%2BW6T0gDPfkGEfhYN6TXJD0NsZoE8wg%2BLc2SvDZhHRaISaXjSXtxpkOUV9xcVj%2FtKL46mI2Odd%2BpAh%2BF0GFQWcOP4Xym6s%2BF806%2FxI2JKabJehOrWBJx4NRBx0d23hNAWEw0JCsb7LJXBJqKWV9015zgK%2BP5r4ZCysDfiDpUbGBaZAl9DWk8NTgB87UBS%2BsTsTJ%2B%2BAvKR6D%2Fi0u9FjjForf4nGUgPwiv53t%2BtlmqAbCY81f975eS5nfR25FBiP83WAv8GAIoQ0MwLPWeb%2FZBCpgSFKmvQoE4OQRbkFpsqMsFdJNlJTM9tnvE9l68koj8wnuLqQbY6DevURveFWmyvCA5yFk9Hby%2BgNizAtYLN81WjUpxJVJrN5mDsz4BpnFsmmbbI5%2FdQH79KXQHu1hCwKJGOgd6BUpNKV4Aj9ZpRZcvm77v5nujRTImG2kG%2BWWcAjU%2B%2FJhndFmQY%2BY4tvs0XsWEQo35vS0MCyuQKH%2FZBPW1iUSdeTCue7TzSXjo4eNghP2t20jHNFIhDtpWS7HCVhBi0X7sVfDTQ8nfWy9VG2Y%2Bb0%2BwDX5VthNdH1%2B73rteACX09hK5uMMhW152TBvm8BUY0H9NAYMV%2Bm6qosVoUscNpLz49nYCAXhZ07tDEY7RBJx2aPv1bgiR77Jh46w1QmAmnoJRdq4K9btjkCM0%3D&nvMid=86487035652&catId=50002183,36900
하하농원 햇사레 복숭아 백도 황도 4kg 생산자 직접판매,https://cr.shopping.naver.com/adcr?x=gP4HicsXHdTGHDn%2FjSUBjf%2F%2F%2Fw%3D%3DsYKryLMKoE%2F0C1rnLQSmrPIXQJ7VnbgJdQtJPfUPhIeQ2hzLHBr87GDVYkIpswSN7NyowcMbZF8w5r6uNdlZTZMKdlAuo4CRofAy%2FiHp8jqv8RtWXQ%2B4yWv%2FzzZujOpojNASUEtdCfHHeV95ndSB68UViVhdAU4OT7dEDRCI7HOFA8nBCqPT4pkFDLTgcW4ZCyaxxRm4H8HcYDi0B3B3iQmfQT7uWwvxdz8nMvhXCKF3IaClt85Ji6CC7Pn3%2FKJ7GVkVyB50Q1a6TuEUPzjNNYCGHDvsGQoUHd%2FG2Ez5s1IA%2Fa18qhDQ1A%2FKJp3fgBDor391W%2FC1w5SVs2sYtTdFSei7%2FK7UCiDAVtiKQZxj%2FxQACy7YHPA4N6MaANM%2F%2Fyc3265ZesbGsraQZ4SkMEVZl2ZXvcrPWeaTIzyA2x7sC5%2F8fc3IB8tyaQzZaIJykXBktf9B6Ji2X%2BRTCvW0d%2Bl9ra3Hu2y1Glj3SgTWk3pu%2BxQgT6m5DEPKaKjB%2B8fADg6Mn5iKRg3YB9dfDVsdGn50rlzByINgQ%2BXKSN3hITUCjyyyODV8FNfzt93nfG12kY4qoI3zWYS%2BzhlyIfqplPKZd%2BduYy%2F%2FOmW4pqfl79YycS2jU1C3zROlEFoMEFq%2FUguPvCUH2ThQ1V4zwH%2Fkwa%2BV2VYLKeQXN2dZjwv1tUrtZp3VB0CIl3BeKsFF2drF%2B%2BsFv&nvMid=82543924791&catId=50002183,34000
경산 노지 경봉 딱딱이 복숭아 4kg 망고 대극천 납작 반납작 차돌 딱딱이복숭아 천도 신비복숭아 백도,https://cr.shopping.naver.com/adcr?x=pQW2MgHuqWtG4ACDwTJJFP%2F%2F%2Fw%3D%3Dsu6fqqmKmtCtZaeA1r6RxuHyePNlQB4tMYygSr8NpxhdUZPh5rQI4WZSq31vmdEjRDefAhBn6NDkfnKJKXIs26Gg6HabDTRx466CGciRiUnFBZuMfzSBinsMMtj7lqMfUAhMOT671R3TELOZrFPg25rngwyFAwETEduOZfZxigadOQaVye2hi9%2FbfeZLmFKhjRL6iu0rN9ANYEXkZX8p%2BoSEm%2FeWMmjv1VUimPr%2BbdY4JPMyClbTomhNr%2F9VMYELk29HlRiL%2Fti%2FV%2B%2BXR2neojwlIoSvKTA%2Ffvxn7nqCVPzyk6v2w9jBqMGR4TTsgYaQnlII%2ByYYqWVu3SSXxcjEJdBCrptlOBgZpXLmNBAFgGGjYypeygawfCw3pALs0hyhzsD6uiSpe8BECiHp%2BoNyFdSL05%2BTuZC3b%2BqtagU9TyeCeDePW4HF04DGbL7bmS9RGbo%2FixeuhjyOLuT3KVP6c5GhhRRI3uhtKEqOQr%2FFZjdIuBkITB6HUamtHeC%2B5Rlb%2BSbT0N6r9JPjLF0TwfGB2UtIjOqNGmiPCN0j%2FBQH0rLrtTLWtwB749vDyvSmIEQK4C8HaAA5G9C5NWeA4rhvaGP72mpVS3I%2Bioenv1Ki7rAW9y3Tkr6KQ5QPZ28UteKN7BRDtX1peOs3CR6rWSuW7uatZu3WqkpEDnl6%2BOVOFHMnyz32vHYY34FtOL0P73Q0VdwuPI5r7V7yCu75ijWcXgOko9CpxzlkwPnBVAZfU8BFvU2Y6hEEwGxc1AZfON9sL4VRAH%2BsMDObarUodGweR8Q%3D%3D&nvMid=88106674309&catId=50002183,19800
상주 딱복 말랑한 황도 백도 털복숭아 1.5kg 2.5kg 4kg,https://cr.shopping.naver.com/adcr?x=0v2YQgIjO3d3jiCM53XkOv%2F%2F%2Fw%3D%3Dsq63cbIcAztZbBcaxcKE8jb3N7mzKEJmHJYdodM97njZUZPh5rQI4WZSq31vmdEjRtiGAWt0k5pjtympjHxo%2FtWg6HabDTRx466CGciRiUnFBZuMfzSBinsMMtj7lqMfUAhMOT671R3TELOZrFPg25rngwyFAwETEduOZfZxigadOQaVye2hi9%2FbfeZLmFKhjRL6iu0rN9ANYEXkZX8p%2BoSEm%2FeWMmjv1VUimPr%2BbdY7FaOA96WsyuBZgjBsSZsg90WvUfbhzpLhgj%2BkloN2VSNKWeeKdrv26wW2%2BcXTkFE9r6kdrp7BvT8OlwZ7P37YyZp%2FuhVWf5tMOyu5R2EADu7apxm0AzftWU2amrr8O9AGAbBfPq3IfhN32tSfMcqHN8k4FXScHXDotxxktSFu0b9%2BlYfGFeZlToUEaaS1DxXPCxtNJ8Ovqxdil0gGcnbu6QlAj3SVw%2FNn7LMW51lEgKzZsojdcP6nwVIqzUT4ukf3mXwzbDH6tqa%2BGOKMNb4eOIL5fgr1WgGXPUzk4EzyE2NvzD9gLTRH2j84311Pzd2oeYATgC56RdxiANoFqwG3nKYTOF5KsHq%2BigGAc1pAeZ2OfFeRlM31TwHzT25EY9V4ByP%2B7%2F3%2Bmz76YoyyuLjVTnX3R0QflyLDLSwA6etCaQ82OqH9l6YII5ugOGfB4CYY%3D&nvMid=82542163654&catId=50002183,36700
홍천 대홍복숭아 3kg 4kg 딱딱이 농촌진흥청 최고품질농산물 최우수상 수상품,https://cr.shopping.naver.com/adcr?x=1Oa3Cx2xHUyq2yM8wCANlf%2F%2F%2Fw%3D%3Dsa62qHcKuktfCYp%2Fw%2BIiL8lY8CCI71NXbRDQncYisoU42hzLHBr87GDVYkIpswSN7kTHy3%2FLHtTTDDZKOkAiJ5sKdlAuo4CRofAy%2FiHp8jqv8RtWXQ%2B4yWv%2FzzZujOpojNASUEtdCfHHeV95ndSB68UViVhdAU4OT7dEDRCI7HOFA8nBCqPT4pkFDLTgcW4ZCyaxxRm4H8HcYDi0B3B3iQmfQT7uWwvxdz8nMvhXCKF2TyAGD%2BJ4Q%2BcWlBu9QK6fVVkVyB50Q1a6TuEUPzjNNYCGHDvsGQoUHd%2FG2Ez5s1IA%2Fa18qhDQ1A%2FKJp3fgBDor391W%2FC1w5SVs2sYtTdFSentnU1RXduB3%2B7cD8XiIM3nHWYZ2UJ7ndtQawTWJhRrmnSk2ex1pQlEANjUFaPp%2BNpjnPEIPGjFgjcindm4vuwcOmQQwlnEPoR%2BPff6hFYDtFkqca7J5M5%2BsmCVUhERq9csAL8OEinHOC98W6yXtJk8jcfEtSloN734D4Ln7hM4HvwM7CUrE96rVfkG%2BuVJeptjtGCOcbDIMBbt7Cks0Kippg0h23BjtEfbFqd2oxm5uHaEHQ%2B8%2BFU2ZxhzmZfYClvlLhIpwvAl0Dt59y%2FjoGI5BTv%2B2ZAF7mKt7i9UBwj%2BD0Q%2Bja%2FBCr5IQcax8ZzXy%2F5dmjUxxOv%2BxG9Csy0edvujH9J6PmEUoNhi2rPG1rCCXb1NmOoRBMBsXNQGXzjfbC%2BFUQB%2FrDAzm2q1KHRsHkfE%3D&nvMid=84536255425&catId=50002183,30000
[프리미엄] 치악산 복숭아 선물용 당도선별 원주 말랑이 천중도 백도 황도 딱딱한 복숭아,https://cr.shopping.naver.com/adcr?x=sN7i3YWNxEv6EPr59qpXFv%2F%2F%2Fw%3D%3DsosnOs6XW2k%2BM3Wusj88HZ3Wu0M5Bdza09xS1tWPBs6M2hzLHBr87GDVYkIpswSN7m%2BlG0l4xFOOf9mWUYt4rIcKdlAuo4CRofAy%2FiHp8jqv8RtWXQ%2B4yWv%2FzzZujOpojNASUEtdCfHHeV95ndSB68UViVhdAU4OT7dEDRCI7HOFA8nBCqPT4pkFDLTgcW4ZCyaxxRm4H8HcYDi0B3B3iQmfQT7uWwvxdz8nMvhXCKF2S2dssRmau6V0XaQYfyteVVkVyB50Q1a6TuEUPzjNNYCGHDvsGQoUHd%2FG2Ez5s1IA%2Fa18qhDQ1A%2FKJp3fgBDor391W%2FC1w5SVs2sYtTdFSel%2BF9nKESDXzof%2BxdZRV2M5G6PNzDlusexXn%2BcYWfOKtnSk2ex1pQlEANjUFaPp%2BNndyBFDsPxdm7htBd80%2BA7jUR%2BfHhZ6jwk0suTtwWlrWhOK%2BLWLf30o8ofpavZmHagH%2BAUdeBab3plkjKZq0KPDRuopejB%2FtQV42zvyFY%2BmhTVuSLW%2B8XfH7YsF26vow2AtLrHu3vGk5e%2FJP47v%2BXPYTIeCUCsOZy9Y2UqWrxxMhSweCxve44eo9Z9XOJ4v36tuKhkM4YC0GUyzvfm9V976ObrSOQoF4LRTZmaFRc%2FGVX%2FUwBpqFpGhXlGfWIJsi5oh8qve%2FAcCtp2V5VCMOseTA0g21RBL3i1j8c8FWEmBZRinbb9UNQp1HnwXvNpoWYZy8sARekz3cqx4uaUskJFYNUJgJp6CUXauCvW7Y5AjN&nvMid=86387109122&catId=50002183,50000
허니골드 골드로망 천중도 서왕모 백도 황도 딱딱이 말랑이 복숭아 딱복 물복 2kg 4kg,https://cr.shopping.naver.com/adcr?x=RC6EIK6%2B1I8RoSgGIunojP%2F%2F%2Fw%3D%3DsN3KvChCsriXfamePvOnS9gPWmFcGOQRvswSix8jXxEk2hzLHBr87GDVYkIpswSN7bHJIXvbYy4TY%2FrsWj87GbsKdlAuo4CRofAy%2FiHp8jqv8RtWXQ%2B4yWv%2FzzZujOpojNASUEtdCfHHeV95ndSB68UViVhdAU4OT7dEDRCI7HOFA8nBCqPT4pkFDLTgcW4ZCyaxxRm4H8HcYDi0B3B3iQmfQT7uWwvxdz8nMvhXCKF39wOaUR2fC6imb961HGMj1VkVyB50Q1a6TuEUPzjNNYCGHDvsGQoUHd%2FG2Ez5s1IA%2Fa18qhDQ1A%2FKJp3fgBDor391W%2FC1w5SVs2sYtTdFSeiWLcK547BppS1wyAp%2Fk16Fm22Dn3bsvQ8Pgm3NgTdEnnSk2ex1pQlEANjUFaPp%2BNqrt8HPwtEG%2BzC4X%2FHkWc5xLiGWc0HOj8hjHf0aHaBR9gnjfU8KTFshq3q%2FgYhyLy9QqcNqEXbAm2x6jelJGsVa0g1B5p4ucJzeIrcd6SkVxJIMwAd0Uo%2BmT2jQbO6eNY8YILyPo8%2BE7ADVVlRJntF%2BIe2M9URoqLk9yJ5CTV4hTmwtoR7PdJ%2B0mbwshy%2BNUYy9cWad5bQJ50RqUlCTkWf%2B6OinmdGFK1nt1ux5px4b9KYTOF5KsHq%2BigGAc1pAeZ6PUIjd4wDQHmz735j9XV%2BlMHIMdiFM4btOYf63VQduFKPiUKm5mjlcVjWGWx3H93s2OqH9l6YII5ugOGfB4CYY%3D&nvMid=86360224032&catId=50002183,20900
"[복숭아 산지직송]40년 전통 감곡햇사레 푸른농원 황도복숭아, 백도복숭아 3kg",https://cr.shopping.naver.com/adcr?x=BoDGV%2ByHEPQRrQ63DFyC5P%2F%2F%2Fw%3D%3DsHsTyBzpch%2Fxvlsfqa24jY20PB27%2BzASXY17GFBSC5tbddpgog6vog7UDVTVuLsDc0stbKaaayRqFRS62U7J7ljXJD0NsZoE8wg%2BLc2SvDZhHRaISaXjSXtxpkOUV9xcVj%2FtKL46mI2Odd%2BpAh%2BF0GFQWcOP4Xym6s%2BF806%2FxI2JKabJehOrWBJx4NRBx0d23hNAWEw0JCsb7LJXBJqKWV9015zgK%2BP5r4ZCysDfiDpWFwF0Q6R9xanS6YGXQv3rxFYtJOLZGv9tL4MAvyTTYCDForf4nGUgPwiv53t%2BtlmqAbCY81f975eS5nfR25FBiP83WAv8GAIoQ0MwLPWeb%2FfdQvTHjmLI%2BuZpHHqmgJJf57UTeOCIvc8yyKZE3oyHEoj8wnuLqQbY6DevURveFWsfcTYHbZ0cD4Dd5waDKf6HN81WjUpxJVJrN5mDsz4BpzXwhp9BqzoG55nGHv0rL6uijv9Dn4RGTRPdmnfK%2Fu6us9nva39b1Fc53ywJcfltPzCTG%2BupSHez0bxzc8VZqjd%2BDBDSYkZ3XMBNoSVhGJRsXfxkWzsRAGTL2gEcfAWQdEze%2FISTctTrLp%2B3mpsc9Fg%2FVDw48g%2FTt21oHJrRzeHOIbauLqWzQoH6edZ%2BhwZ9MTIETHLNys2o0jgmxqRUJqPephSR2y45rPYeik5NuBSmcCuz5g2Y7oY6t%2F38MaaES%2BX2H0%2F%2B03Bw4%2FK6DymTZch0cjwVm1BUYVknE7IEMpz4%3D&nvMid=82617641491&catId=50002183,39000
복숭아 딱딱이 딱복 납작복숭아 황도 백도 물복 말랑이 신비복숭아 거반도 천도,https://cr.shopping.naver.com/adcr?x=WZvc%2FEdaP1Yqmte74DGa5f%2F%2F%2Fw%3D%3DsOyYM1l6FRGYZu3rQNOADhhSyqLCB8gU4cDHdBp9wQEU2hzLHBr87GDVYkIpswSN73X9s%2Bf5%2FNCmPft80y8qaTsKdlAuo4CRofAy%2FiHp8jqv8RtWXQ%2B4yWv%2FzzZujOpojNASUEtdCfHHeV95ndSB68UViVhdAU4OT7dEDRCI7HOFA8nBCqPT4pkFDLTgcW4ZCyaxxRm4H8HcYDi0B3B3iQmfQT7uWwvxdz8nMvhXCKF105OGCp9Pd8gHsnjM1TsX4VkVyB50Q1a6TuEUPzjNNYCGHDvsGQoUHd%2FG2Ez5s1IA%2Fa18qhDQ1A%2FKJp3fgBDor391W%2FC1w5SVs2sYtTdFSesDS7bkAhQ3M0OYreei7hLyKFGpWfbyGl7mfJw9aMtYHnSk2ex1pQlEANjUFaPp%2BNsdnsT%2B3mSZCc3yWlmk3rpXQ5IvbWE2s8QZl18FGeP1mIZWSGUQA6IBijgMtu8aATBNECdH%2BmIh1K1%2B8VlPLxePSk5g7tnYxZbPis%2BZLP2n8HxPhQEmwIAv13f60K7HYjOqimtBwQm5Na3Fq9%2B0OgVzUDf6QZ4BeCTtDZJFV3A9KBZ25DpzxUllKaXRcQzFtsVTYjsP0qfFrWAzVZyp7Hrhz%2Fm60HMjJ7Yn11qEvPw1pkAlOKwPahCEyYd9E%2Blamjmg6uG0a%2BDsYn%2BiByMYz%2Fqnub3%2FMB7uYapW8%2B6vP8KFvNM4VpGXHDwHHs4rKzHvyaYKoDr6us%2BRKRCOTdsWr9TI%3D&nvMid=86089159987&catId=50002183,29800
딱딱이 복숭아 4.5kg 딱복 말랑이 물복 경봉 진실이네 대복농원,https://cr.shopping.naver.com/adcr?x=QbPjd2%2FC1syEqu0fTheqLP%2F%2F%2Fw%3D%3DsxssixNcRi%2Fu4LrC5x6MLtD%2BA6d9Z4mmZgg3ib7zMWZZUZPh5rQI4WZSq31vmdEjRT8duIl7v%2FUXYAZwQDx5tlmg6HabDTRx466CGciRiUnFBZuMfzSBinsMMtj7lqMfUAhMOT671R3TELOZrFPg25rngwyFAwETEduOZfZxigadOQaVye2hi9%2FbfeZLmFKhjRL6iu0rN9ANYEXkZX8p%2BoSEm%2FeWMmjv1VUimPr%2BbdY6s9dJPixXBbJ%2BFDMz62AHG0WvUfbhzpLhgj%2BkloN2VSNKWeeKdrv26wW2%2BcXTkFE9r6kdrp7BvT8OlwZ7P37YyZp%2FuhVWf5tMOyu5R2EADu%2FG7icSFJbLN6a041EXXsic0nchBZ9Qz%2FooHNzO0y%2BuwmxvV9I8fp2nUp17wHTTi0rNudonOIw3hRzXBTl%2FVkmxPjWmlX9MVT5EFOuiIKKymK8Me7uYaVVyhpLr33MhWNsu6bYOptsFsWO5tOXAwz9q7zs%2F060NLz6i3k1J%2FuYk2QNBYXlSBiX5J4anwSq7rwk0wadjH9R6PPpZftf7HEdyUiG4xUMPtY04%2FaAUz9Syv0PpTXlxkNSe%2FjWpwh63v0mtY0vFGtYcImi51jMcKK8Y6aBmelxp0Atg%2Brwivp7dNaGn%2FIzNhVlsw7bulvTIbQiCPWv4t6do9xW3a9%2BD1MsDLVWGr8fvvH1mWvUgXPK6j&nvMid=80654571594&catId=50002183,45900
김천복숭아 딱복 황금봉 조금봉 금봉 엘바트 양홍장 황도 딱딱이 아삭이 하우스 복숭아 3kg,https://cr.shopping.naver.com/adcr?x=tG9f8eNfZCnvTXhsKtakgf%2F%2F%2Fw%3D%3Dslqnm2xeXdjFyU0GdpkQN1MZVTfg7xuJD09piY1UHvG3ddpgog6vog7UDVTVuLsDcvdt5HilJondvssByfgMkQjXJD0NsZoE8wg%2BLc2SvDZhHRaISaXjSXtxpkOUV9xcVj%2FtKL46mI2Odd%2BpAh%2BF0GFQWcOP4Xym6s%2BF806%2FxI2JKabJehOrWBJx4NRBx0d23hNAWEw0JCsb7LJXBJqKWV9015zgK%2BP5r4ZCysDfiDpVvtwbt%2B6w2yZ0nfbXnkkSZRjRs4W5qGD0s7S%2F6QJiywjForf4nGUgPwiv53t%2BtlmqAbCY81f975eS5nfR25FBiP83WAv8GAIoQ0MwLPWeb%2FclsOh7Cdjtp6dpS5fU4COcXRQp19PqYh2MZeSnF1opMoj8wnuLqQbY6DevURveFWscyJvHIjI4LDeqcz0xhZqrN81WjUpxJVJrN5mDsz4BpuGVmwf%2BUSVsMA%2BOURhXMtAuE5%2F78AqWOJJHByu3FuknC5Ri7OtbF702nn1bNkoI3ALQFvmmvkrdssrnxcwxx6ZpyG8gR2WAFHLBZ1rpYfk19efqGcGKCX92DqunRYI1VbYD46w5W6SUb%2BF%2F4iWHHCypkBIu78ScvYIIf%2F7t%2F548ChoIQ9Ux%2BmD7hWpdahF9nISWhi4V0I95wwZejX%2FWZ0w%2FtRs2MgkAFbAzurpTEm5bjg8lpJabIdqqi50iMHITuLeEIbLeMx6ZPJv%2Bygi9DX8FaVSvXeQto47PQ1yYVewIOEsHC78VBLnFZh%2FnDobeN&nvMid=83188391384&catId=50002183,39000
복숭아 신비복숭아 납작복숭아 하우스 대극천 거반도 빅숭아 천도 신선 백도 말랑이 딱딱이,https://cr.shopping.naver.com/adcr?x=Gv3GQR2ZSWuLFUXDZsox7f%2F%2F%2Fw%3D%3DsMsqRh1NRJ64Y6ly5Afg8ULgeo77tHeciXWknvS9Co1JUZPh5rQI4WZSq31vmdEjR6Di409nCYM2jFaG5xSB%2F0Gg6HabDTRx466CGciRiUnFBZuMfzSBinsMMtj7lqMfUAhMOT671R3TELOZrFPg25rngwyFAwETEduOZfZxigadOQaVye2hi9%2FbfeZLmFKhjRL6iu0rN9ANYEXkZX8p%2BoSEm%2FeWMmjv1VUimPr%2BbdY5t17tYk6aN%2BiMqHaw%2BQlWE0WvUfbhzpLhgj%2BkloN2VSNKWeeKdrv26wW2%2BcXTkFE9r6kdrp7BvT8OlwZ7P37YyZp%2FuhVWf5tMOyu5R2EADu74gjWyeTXbSEtVN8kzKOt0yyhpaVWloH6%2FSVEd6MiS1UFkTpj93rfSXo6E%2B0RCYeQgw8cfpRv8KfWbTeUqjvefEQIctx7q7GZYouvb6Juh8z%2BHpAk084rzuOnCgYpLU6TdG7PCHCr8yV50r1%2FO7RoDFAkyNUhc5%2FOpeuwEq46HYt9yZL0NwG%2FdUI1DLezl9lYlO7sYXdgE6VQudaz%2Fzwpdtk7WKkMj7bIsRGRxeKwlR3bB35teoASdJ7uxrzZIq7sbIX0kUw7VZ2OMbj59ZY3%2F22Ovit1KBu%2BYgtRLok3HXGFvasvm9KsEhAP7i3oZTIgfniGmj5%2FGaMHv55IX9RyMphHJAs4cqwa5jc%2BLYJd94ZGTxfoR2dPJjypU%2BHuvVfAE0KAaGcmhjIDxXiPYBFw0NUJgJp6CUXauCvW7Y5AjN&nvMid=82521421658&catId=50002183,24800
남모모네복숭아 딱딱이복숭아 말랑이복숭아 산지직송 농장직배송 임산부선물 아이간식 복숭아구독권 영동복숭아,https://cr.shopping.naver.com/adcr?x=p83I%2F16NDHM6OF2RCZcJQv%2F%2F%2Fw%3D%3DsVrFkBDr%2BwwETNpvXBEu9qTsOuMZyJZiXZxVPBIDwLD82hzLHBr87GDVYkIpswSN7EDdVa9qQLJKpyjhBMG52xcKdlAuo4CRofAy%2FiHp8jqv8RtWXQ%2B4yWv%2FzzZujOpojNASUEtdCfHHeV95ndSB68UViVhdAU4OT7dEDRCI7HOFA8nBCqPT4pkFDLTgcW4ZCyaxxRm4H8HcYDi0B3B3iQmfQT7uWwvxdz8nMvhXCKF1Z%2BAkiZRhLd84lOIcRywiNVkVyB50Q1a6TuEUPzjNNYCGHDvsGQoUHd%2FG2Ez5s1IA%2Fa18qhDQ1A%2FKJp3fgBDor391W%2FC1w5SVs2sYtTdFSeipqH7EIqOZHaA6pLwxGJJiDqXzSSuNw8F2ztuL1LZfUnSk2ex1pQlEANjUFaPp%2BNmDgfZVa416wRROw6Fy7LD6AH7Xe0LarnCigU%2FpsVsKycDWqH9dfYPvtq1%2BSFrU2GFpt8axDITQWFf8D9TEv9%2Bq2ePd1o50uvcYyQGuZaV2YOV%2FSLNZz66lttjN3Fmc8JUMdyizvBxg8pN4lj86u9tTahIGR5cZCPX7aXtSnYOIzjLGSSoOjU%2Bu7eI9J6CyxKV80%2F%2BiJQji%2FohfoP%2BawyvCifsKmHyL88Vx%2FIofufQJqfwccxGKr2umv9VHCDqTs9siO2oHbmDHWVwg%2BpsvfMX2Mn%2BExB1X3d6LMIIRL84XlmmTOEYGsAhFHRrkya2KGVSkCDx7H%2B6gDGbWHzT8AW6hXJxn4qEFUFJC7SJ5NZhjc7YjG36tWEC1wjOos8Jq4%2F0HQIiXcF4qwUXZ2sX76wW8%3D&nvMid=83233110303&catId=50002183,42000
햇사레 복숭아 감곡 4kg 못난이 흠과 B급 파지 혼합사이즈 백도 황도 랜덤,https://cr.shopping.naver.com/adcr?x=4m2inMWr%2BX6BZExY46Bc4P%2F%2F%2Fw%3D%3Ds7Tx3D%2Bw0bQDEBFp4RIrbBs%2BJ0vtZYkLyYKwmMlgh5Po2hzLHBr87GDVYkIpswSN72%2Ft%2Fb064wFEFxejwX5t7zcKdlAuo4CRofAy%2FiHp8jqv8RtWXQ%2B4yWv%2FzzZujOpojNASUEtdCfHHeV95ndSB68UViVhdAU4OT7dEDRCI7HOFA8nBCqPT4pkFDLTgcW4ZCyaxxRm4H8HcYDi0B3B3iQmfQT7uWwvxdz8nMvhXCKF3W%2F3SmbuIy4OUA7kZ6744%2BVkVyB50Q1a6TuEUPzjNNYCGHDvsGQoUHd%2FG2Ez5s1IA%2Fa18qhDQ1A%2FKJp3fgBDor391W%2FC1w5SVs2sYtTdFSeq89Xp5PV1NtsKIFBmu4PuZ9x0PQJILoFkhcHHWucMIvnSk2ex1pQlEANjUFaPp%2BNjFvz5FR4IFMVusKA%2B14xO3BONUJk2y%2FuUrsbBSyLp9fv0edriSKkYsD77DUiiCKTkcNkk9nZHxnKt8fbGispYmNRzDxXrgT6XIV9IiKDB6fEHS48j7faWO2v0ZLk7XZjim2u2IA45vgPOfwVkdD98K1Qa9VU5%2FE1FMCfHIyRihnD6dozJLygnbpF%2BibVmt3VzfTXHvuMF%2FvEQnCXT8KvdzTn%2BIvcxawVxNuePP9ktetD75dU1cN02oxBYHqhcDK9cWxHr8JYn%2FH3mQtP2GKUbzTXf2HkDg1N%2FzxocMw%2FP%2FgxyAhEKTy%2B0Zvtn8oYxIR0Q%3D%3D&nvMid=86603853722&catId=50002183,25000
복숭아 천도복숭아 여름 제철과일 금홍 보배 설홍 레드골드 딱딱이 산지직송,https://cr.shopping.naver.com/adcr?x=wdgai1q2bzNF3IixWFme9P%2F%2F%2Fw%3D%3DsqfQC5hvAjNBggQY51p9Xn4Eld6KotuQ7Y%2FciJoeGFqfddpgog6vog7UDVTVuLsDcvnEvS%2B0eUAO6%2Fwn9bnH37DXJD0NsZoE8wg%2BLc2SvDZhHRaISaXjSXtxpkOUV9xcVj%2FtKL46mI2Odd%2BpAh%2BF0GFQWcOP4Xym6s%2BF806%2FxI2JKabJehOrWBJx4NRBx0d23hNAWEw0JCsb7LJXBJqKWV9015zgK%2BP5r4ZCysDfiDpVg6n7ha1ytBYeldVrM1Q7ARjRs4W5qGD0s7S%2F6QJiywjForf4nGUgPwiv53t%2BtlmqAbCY81f975eS5nfR25FBiP83WAv8GAIoQ0MwLPWeb%2FWOwZudBcBnQAHtFrZCVvnI9fzLiqwX2yZfJE9AghBmfoj8wnuLqQbY6DevURveFWoTg55KXWNGSDc6fgzkQMzzN81WjUpxJVJrN5mDsz4BpumVVm3b4wFNFBQJ7UtuF6tNUvH8YBJ2jH6XhQt8W4R92I2GIeNWIMzwUV2ruypd5d45CUgaz%2FZnWltXfXDECxdnHRMqjc095Yle1gSZpQoWClBjwCPixyCzW7ZgU5EhwIMo4kK0flkmvcp3Krk2s4spVbYvF%2BENzEmFzJ6uJSGGFK7SRSA%2BdwU3WCkk2X2oGrBr0mWZyQNskAlQQa9x8QfkkzOBm5KqmYcKMTOA%2Ff1BV45R8bdZhKlQvRm9w9T8a%2BX2H0%2F%2B03Bw4%2FK6DymTZch0cjwVm1BUYVknE7IEMpz4%3D&nvMid=86172733479&catId=50002183,19900
[영천농장] 아삭달콤 딱복 경봉 유명 백도 털복숭아 딱딱이복숭아 4kg,https://cr.shopping.naver.com/adcr?x=PVGuyVqe%2BbGUjjRZoKedVP%2F%2F%2Fw%3D%3Dsj%2FEeeeAp6lXegmkaZgcdxn3B4%2B2Yrg6aLgMrrwDoKAd1oFnz%2BCAKUNYDmRNJKlYRalSBgrmGTu%2BTNASKs7aaKlsZOinTopHxyAyK2u%2FTy%2BjYsfDmngMDc30arSUbghlwR3JSI%2FBDrqmZPxTkFamNdiuq1qyj4zcxbEG6ewH9e1YG2BHfw5fzi5zAL2Dd%2BczjxUiFRNirYnXAXhdwoPYA5aQ4Ddlq14b9jx4rHBfUTQ16%2F30%2B1FBsWSNYMcVxZP3O8QKoEQAE%2BIFvQBb5XPcD2QeL8mDjug0MMBKQwp4NOEHBz7%2BORHa%2BX777%2F5U82WuFzE8YOrqzrF70Yy0mZl5rJMAUpKEkddCGUlrht0A8gUfHvY%2FUzN94OzIr5wG3PfiAaWegDwv%2Bve0o5XyfwNJ99vreMDlMEbo9QrhHtY7Qp8waic0%2BGmfPBBe0xY2W%2BYT7SyX58gIq5tOB4YYefjtZBrwr4rnoCvcsUcqYKW4my%2B7VFWnKjds8Itdjivh4NWKZcMeRkwHx4DycnGMj3XLmcBz0cltqisPD24nV1EsxxaKENBe6zkfI8pMbijZ%2Fh8s%2B0B01%2ByylAdoaIWz3iA9YZuPgRGCwolCGVgTw8HoXdiBWnCY5Qi7FYm07RFCkwaYyReGSjy99ycXXq5x8s7EYdVDJtgUyPEYhJgQB45t8urYDfkLIyuldBS3f8m8e6nLmzUhNzs2VE%2B%2Bisqs3JAEppg%3D%3D&nvMid=80897399730&catId=50002183,42900
고당도 영덕 딱딱이복숭아 3.5kg 내외 ( 경봉 딱딱한 딱 단단한 아삭이 딱복 백도 복숭아 딱딱 ),https://cr.shopping.naver.com/adcr?x=rC%2FZ427HL4blQ7iw4pFMkP%2F%2F%2Fw%3D%3DstZ%2B7DmdtV40DoBFtlqPlMXAgUhkFvwkP7BVB83%2F%2F3Afddpgog6vog7UDVTVuLsDc4%2BqbDlm7Pp6G8V2cQ9wZgTXJD0NsZoE8wg%2BLc2SvDZhHRaISaXjSXtxpkOUV9xcVj%2FtKL46mI2Odd%2BpAh%2BF0GFQWcOP4Xym6s%2BF806%2FxI2JKabJehOrWBJx4NRBx0d23fdx90CtIdY7jMsoj9CXM4M2qpJUNTIl9hFyLyRI0%2Fw8bpkA%2BH2qzGRH62CYw%2B%2BiXh7OANXsFtmHAosFiZQ2hEq%2Bx9HFtnXFaIiUEer3hyVnL%2Fowdnq7%2Fmfq67OVRzok0S5SJNLgIdS1XFCtZ5GETGOTZyVp0JdlOiIgkJdnH4wBiJl50QH4%2FFLQ4Z3%2F1S585K2hMYmF3YRlJRF3ec4Orui%2BXKrgfcJMEICQB%2FmT3Bm%2FS09kVQ7qnPoUVh%2BQr6LOR0LsHW5tw0Pt1dZmkd1iT54XC5uGC5tsS654SBydt633SiPZFwNJnhAzHfoGKn4EZXqN30av6of%2F%2FBqrOQstPnE9N4aFNJfvOitw2%2FobHz9NL7qug1nQxJ%2BbrAHLQXz0fQ8ly4W4g4Om0xfVe3DjZ%2BLBqz%2Bxq78wUsAF7gMhFo%2F1IEwLOQi0UWbrUyZhmCoZ0QeWWIjoWhb9qClDa176%2BvzYhYCKekPCDvbTMF%2FwJQpfRqRhgGeoVQTRujdJjKFE4bKPnl%2BftymXb6DnLVXTeldl9ovee4akGE9KmC2Ud8k3ke%2FVP%2BgM94BPZkP5YJ%2Bex&nvMid=86478402561&catId=50002183,35900
음성 감곡 장호원 햇사레 복숭아 농원 직송,https://cr.shopping.naver.com/adcr?x=masOMSrkKcvpF6gwCfW%2BTv%2F%2F%2Fw%3D%3DsaHbGawQFr3gPSPVuKeWgtSQaPcBbLfB3EEfVGxqzQQI2hzLHBr87GDVYkIpswSN7%2BfwbkHTBQgHwu7fiiIVne8KdlAuo4CRofAy%2FiHp8jqv8RtWXQ%2B4yWv%2FzzZujOpojNASUEtdCfHHeV95ndSB68UViVhdAU4OT7dEDRCI7HOFA8nBCqPT4pkFDLTgcW4ZCyaxxRm4H8HcYDi0B3B3iQmfQT7uWwvxdz8nMvhXCKF0%2FZAshNLYtmGRr1L0QuHviVkVyB50Q1a6TuEUPzjNNYCGHDvsGQoUHd%2FG2Ez5s1IA%2Fa18qhDQ1A%2FKJp3fgBDor391W%2FC1w5SVs2sYtTdFSerilkisnz%2FozJvrjNNcsr1%2Fn62ujdYvb8HRXTFU68NWqnSk2ex1pQlEANjUFaPp%2BNv5znqgLRbTyu4BSMUt7WJK9KZQQkKEUZijpvpd5OHl5PaX6Pg5DyPfnH378TBvilVaQmzHnkJNYVy%2BmiWp1ePyBtK2eRS%2FkuLjzI7KBbq2iMbqjkDtlBbh963ChX3gvL1FJoEIH1AKWIJQbs4icCq%2By8xhLnKIre3hxgvo97u83TIETHLNys2o0jgmxqRUJqPIzNiayhdmvF4OufyuVtlK8fgzearTpADmv6PgRNRtg5EZ%2BFbkV92USfb7mZwwy8R0cjwVm1BUYVknE7IEMpz4%3D&nvMid=82625538435&catId=50002183,33000
영동 복숭아 딱딱이 백도 천중도 그린황도 말랑이 털 납작 대극천 신비복숭아,https://cr.shopping.naver.com/adcr?x=AkaF1Y7EkRhKVk9sF2%2F46%2F%2F%2F%2Fw%3D%3Ds0C1Sm%2FvkxFY1wt4UJOCiiPfPsF4MuiCJnDQISf8T2OxUZPh5rQI4WZSq31vmdEjRMTv6mKo%2F118GWh9qfG6wS2g6HabDTRx466CGciRiUnFBZuMfzSBinsMMtj7lqMfUAhMOT671R3TELOZrFPg25rngwyFAwETEduOZfZxigadOQaVye2hi9%2FbfeZLmFKhjRL6iu0rN9ANYEXkZX8p%2BoSEm%2FeWMmjv1VUimPr%2BbdY7noxE6KR4rTVNinn98c9%2BS0WvUfbhzpLhgj%2BkloN2VSNKWeeKdrv26wW2%2BcXTkFE9r6kdrp7BvT8OlwZ7P37YyZp%2FuhVWf5tMOyu5R2EADu3ETXx0GI33PSYASrM%2FYsFETzzYFJpLroCioU8hL1mI%2Fm0KlU8OXxivopQvjFKQd1k8iwQ9cqmsyAf3JlLqqyrTa6r7gJdibEOq87cJXV%2Flyw6eq8gdBo9L9m5MXdFHNXmchVte0wi9lUuJjcPcr1qcJ8Hl%2BJiHULfWe02%2BdPg14iWL5AqvjvWgbZhICQJRjkQrmwWwH7ZiK1wyyRcN%2BNxNzdrlb2CgnFv29UBV48iKxs4yVSVMsmBTgl2d310SEqBkO8S6ub59XtGw%2Beeau60kQP0EoYJPG8OO6%2BqJnf0zr6TEpea4%2FaUxhrMO4EM4Bj%2BLHMtOrCX3qN8D9s3IY4n43SsSmcmSwJI%2BOY9dvy5%2FkVoWd0jB03C5aYq3HUc1IKtSSLJQZncWk8e8Ttfjz6Fs%3D&nvMid=83129471226&catId=50002183,19500
복숭아 백도복숭아 천도 말랑이 딱딱이 차돌 경봉 홍금향 만밀 유명 사쿠라,https://cr.shopping.naver.com/adcr?x=GIh9xOICuQFsGDvzxFx%2Bd%2F%2F%2F%2Fw%3D%3Ds3aLxmVtyoI5kBi2HPZaGlR9VvdhX0T%2Br%2Bf8xIQeFblM2hzLHBr87GDVYkIpswSN7DYNTHIICb%2FFVKxRSCfQKasKdlAuo4CRofAy%2FiHp8jqv8RtWXQ%2B4yWv%2FzzZujOpojNASUEtdCfHHeV95ndSB68UViVhdAU4OT7dEDRCI7HOFA8nBCqPT4pkFDLTgcW4ZCyaxxRm4H8HcYDi0B3B3iQmfQT7uWwvxdz8nMvhXCKF0i5oN95RchcT6QkgTBwA1kVkVyB50Q1a6TuEUPzjNNYCGHDvsGQoUHd%2FG2Ez5s1IA%2Fa18qhDQ1A%2FKJp3fgBDor391W%2FC1w5SVs2sYtTdFSeqpkK03vgqDgMsBg%2BftUYqHtHH5i%2BetCPgC5lxh9guQ9nSk2ex1pQlEANjUFaPp%2BNk2uP%2BrezlNnBZqPX4YK33fQ5IvbWE2s8QZl18FGeP1mniobylhV6l7fsSmzPQKKUMTTHLA8eerRdzMFVY1w%2Ffo3ApYfBADUgGzcMwtO4TgpoKRdRaMxePPvQHm%2F1HWjfqEjTCLOdFNLhsWyxKPucSZIAxa3Typ030DuZCdYubt02jIRfN%2FLWZ5BPyqth8FstrpdR2qdP2I0smjK63TDyAXj4ERgsKJQhlYE8PB6F3YgL6J9%2B8vxLOdkSy34rzYPRWzbrRYIkzVfjIE1NSet0rdW%2BIRWffwoG9lXyv%2FtXYk3A35CyMrpXQUt3%2FJvHupy5s1ITc7NlRPvorKrNyQBKaY%3D&nvMid=86246777065&catId=50002183,32900
청수농원 백년해로 백도 황도 조치원 복숭아 4Kg,https://cr.shopping.naver.com/adcr?x=bMHakoAUETX9ydaUODIj2v%2F%2F%2Fw%3D%3Ds6x28lFu5Ovjq4CRL8ozhjnITGTT%2BkQyjt4oh%2F2LKctrddpgog6vog7UDVTVuLsDcep4OATSuat3n1VD4lFBxwzXJD0NsZoE8wg%2BLc2SvDZhHRaISaXjSXtxpkOUV9xcVj%2FtKL46mI2Odd%2BpAh%2BF0GFQWcOP4Xym6s%2BF806%2FxI2JKabJehOrWBJx4NRBx0d23hNAWEw0JCsb7LJXBJqKWV9015zgK%2BP5r4ZCysDfiDpUVUi2epALBF7tH7ncQ%2B3xeiniWdx7on782WJypPy1hmTForf4nGUgPwiv53t%2BtlmqAbCY81f975eS5nfR25FBiP83WAv8GAIoQ0MwLPWeb%2FWGquULWsoDNDqX9%2BrzfNPFroRMZ5fkS382Hf5ZLW2WlaEbJtGxjvVB5xy5CQC17doO3%2FwmTqQvnpNZqU%2F78h%2B2MHn7BDBNaqXNmoKbAeTMv6eS67wcdXhwJNhwhjap9RCnwtUp3bXvCJSTIdlljykcGQLMAgcJV42BmHbMXVqqmc9g6UmZb7759txDH1xVn6EgTAs5CLRRZutTJmGYKhnQLitqXPrr6RZs9h6tvxBPXNiFgIp6Q8IO9tMwX%2FAlCl8pJOn1O%2FIiO082X09gR7njIWf%2FydIvG7RVPK%2FGCgj%2Bb180SWLDSzKHjF7xq2iSKpeR79U%2F6Az3gE9mQ%2Flgn57E%3D&nvMid=80718738356&catId=50002183,33000
복숭아 납작 거반도 신비복숭아 대극천 백도 황도 천도 딱딱이 말랑이 신선 망고 하우스,https://cr.shopping.naver.com/adcr?x=c6dv%2BjI7fqO2BA7HLJQXn%2F%2F%2F%2Fw%3D%3DswlAEdqKb0raqdsdg%2BlO9AkFd12O0yzNR3BZH3c%2Fh0p%2Fddpgog6vog7UDVTVuLsDcE3njsOmQnQxlx8h%2Ftp19UDXJD0NsZoE8wg%2BLc2SvDZhHRaISaXjSXtxpkOUV9xcVj%2FtKL46mI2Odd%2BpAh%2BF0GFQWcOP4Xym6s%2BF806%2FxI2JKabJehOrWBJx4NRBx0d23hNAWEw0JCsb7LJXBJqKWV9015zgK%2BP5r4ZCysDfiDpWfaUCLYdWfaxm9%2BkXngSFrtxmR3whhuqhyDvhrrkxrwzForf4nGUgPwiv53t%2BtlmqAbCY81f975eS5nfR25FBiP83WAv8GAIoQ0MwLPWeb%2FdXSfTE5WQgaSbHgmiTq4D9kbLGiXQLrFejbpvdNg8lnaEbJtGxjvVB5xy5CQC17dswFb5Z4IC7Nc4b3evvDL4mMHn7BDBNaqXNmoKbAeTMvmXaTVEk1oTqvEe9pfR9dJq%2FyRH8DcXj4mIMHHJtK2UkkLkTgV6Wf9OfIQs0Cu%2BTjJ8SRco%2Bi2xZhiuukJDunnrM1EdRXlYb9e%2BhKCUjDxvknCz0hXiB%2F0sd2wTC36Ls2SbKpfR%2Bl3%2B0ILLZ3sjRhmu5Ozc3KGC4kSSfAwsOK7Kn3PsrOYadTZexk04Wlumq8Ar34CWrH2WBzu98S7VjaUFE0WT5rJlfzyxj0QifRdrHZRqDl0iu%2Fe70abULiQW7WwFLNo%2Bhry%2FEUb9DmRedDq1Up1gvvERDe1HvDg6p0LyYGruH08DlKshetxY8KUEZb&nvMid=83152729404&catId=50002183,16900
햇복숭아 황도 백도 딱딱이복숭아4kg 대월 경봉 차돌 명도 딱딱한 딱복숭아 딱딱 딱복,https://cr.shopping.naver.com/adcr?x=Yg8lJGiEVGkMAWxk8v85Nf%2F%2F%2Fw%3D%3DsFVhyp%2BWeH9hI%2Bj3GopswwGV1VT6pYRicIaRgsFJWBaVUZPh5rQI4WZSq31vmdEjRuWCUac%2BXPp80DxD%2F0Le2Lmg6HabDTRx466CGciRiUnFBZuMfzSBinsMMtj7lqMfUAhMOT671R3TELOZrFPg25rngwyFAwETEduOZfZxigadOQaVye2hi9%2FbfeZLmFKhjRL6iu0rN9ANYEXkZX8p%2BoSEm%2FeWMmjv1VUimPr%2BbdY4QGsH%2BSgFzVDK8TUw3EJVk0WvUfbhzpLhgj%2BkloN2VSNKWeeKdrv26wW2%2BcXTkFE9r6kdrp7BvT8OlwZ7P37YyZp%2FuhVWf5tMOyu5R2EADu5pGmCY%2FaVSukeZ2l18tNOgnF1%2FebSh4jr1BxpRSTmni8k4FXScHXDotxxktSFu0bxLy1gxVDJWwYTNiaD5ELhVw3V%2BS6zjqTqRDol5tPEXzdczzJlS4cxV7CgiTBU0oTxExGF7BPRsjSOPoAYDAmAZsUJ4Moe2zBZAw0jDOslOmk8HaOuK9Jg%2FxnL7NANFW1%2BarBYgS4Lnf4vvW57w86ObK6H14D%2BjLwofcVhWh%2BhFqfKAh25Qeo6I32Q3a3VZQ2CqXmg4WczoMSAJ9HmHX8wQTXyVvPZqP1gfv9Re12JtQa1jS8Ua1hwiaLnWMxworxoFz%2F2Unjq6%2F%2FSvHBjWWmJLrt7eKpjruoTC38n%2FSPBQerH7y%2BVwSSwSXSXJOQ9eDQGhopkeKUdu5q4dSKA0zkoA%3D&nvMid=86413821436&catId=50002183,26800
햇복숭아 황도 백도 딱딱이복숭아4kg 대월 경봉 차돌 명도 딱딱한 딱복숭아 딱딱 딱복,https://cr.shopping.naver.com/adcr?x=GpyAK6MqldI8XuwuJvlCl%2F%2F%2F%2Fw%3D%3Dsufnwb7rtyHSBCEnA1d84R4jXv1avAJxVr%2FFCkLSPskzddpgog6vog7UDVTVuLsDceYayGO7%2FOLoU3RqhqVmHjR4pza8ebIOIXPrPsGGS95ek6v2w9jBqMGR4TTsgYaQnJ1e%2FWPZWmRuH2JLC8L7yS7j7029FML%2FL8r1KmuowAPs%2FRThqVJkaN7kr%2F6Ir%2BcJHmcMC7%2Fbsc%2FVhbBv%2Bz1E1POa0O2TX7GIDZW3de8vjU8yRaH3kuBLifk7wMfXjXn0S1JXpt63A98TamEDjCzeLQEtB3kDyjE8CdR8BX01lGRe54J8UO7LDGXdPU9Do8oyMXmq0wb8nQ9S1CNyVqQgAyNjnuVHKpbSBsWcEUeAsqcdhHTfA%2BsLJYhBljY5cG2FFaEbJtGxjvVB5xy5CQC17di6KyVMTCGlL8g29P0fl8RGMHn7BDBNaqXNmoKbAeTMvfuyOeWHSfIjorFSEyXkmWYJ2Z7okf0pu9VUrQJp9%2FuzqTCEokA052raYbRnDzH8hFr8A6HaXcd7LKCyWBfnFpyORVetVCrgAPKxzn4oKSaC%2FKCuoH%2FIqrdN3bqUa7UE6lXaciyS%2Bk13PS4jXFEYfGsT8kItzwgKMAQr%2B3AYg%2BQEEowe8dbfskpPacnqdJHkIccZSz1EueDaSgf%2BZjnoS0UMqz0BYsA7rSd1j7ZlxmZ9om85TckhblULvHkPN6JWddwABcxj9sFJIoBbWuutblVaFndIwdNwuWmKtx1HNSCrUkiyUGZ3FpPHvE7X48%2Bhb&nvMid=86413821436&catId=50002183,26800
[생산자 황의남]조치원복숭아 4kg 마도카 천중도 물복 백도 말랑 말랑이 복숭아,https://cr.shopping.naver.com/adcr?x=Iqq%2Fci0mRYbtXlHvyTIFKP%2F%2F%2Fw%3D%3Dsm9diNtbRcXx553uDBo%2B07MjO7zAbw3%2F0JGIAklEbNIzddpgog6vog7UDVTVuLsDcQpFAbw%2FdROfpB5RkXJrHNh4pza8ebIOIXPrPsGGS95ek6v2w9jBqMGR4TTsgYaQnJ1e%2FWPZWmRuH2JLC8L7yS7j7029FML%2FL8r1KmuowAPs%2FRThqVJkaN7kr%2F6Ir%2BcJHmcMC7%2Fbsc%2FVhbBv%2Bz1E1POa0O2TX7GIDZW3de8vjU8yvIdrV8ZGCko2mpQk1vb0BfB0M4jurdJOlUtH6b9rz9UtB3kDyjE8CdR8BX01lGRe54J8UO7LDGXdPU9Do8oyMXmq0wb8nQ9S1CNyVqQgAyN8QpHuZSTlangPln0xfSYWdC70D6pgKObaMXIRuIuE4Ldtq9WETdaC8Mi8XlzMWcosvwVX3YBqbrGgQXrPzz38VlyFDCq%2BZVFE5vJHx3cUB09mObOaYVJySHDeRgL0W9rbEhV9eA7wraJ5CDS9neX8tbEH9YGVnQU5sIDpyWcJv%2BksxhS6ZZIyB1abTBZ7oE%2FPGGjLWgvkwORQtUsqsC7gP0Cvrs2QlE43HE6%2Fo9UtkY92QYL0LZvphLnoOfYTPFRu10HTcoaZ8Z8uC9nmd1UThd%2F6lYv4BI5su8lup1gBrTIETHLNys2o0jgmxqRUJqPmYiVuevFJp6ZNlhPYQ8hT6Mft44kdrczhtEUD5zw1ac8eI4Rjskp%2F8bEsjof%2BqpB0cjwVm1BUYVknE7IEMpz4%3D&nvMid=82158401301&catId=50002183,43900
청도복숭아 4kg 황도백도 말랑이복숭아 말랑물렁물복 수황 천봉 미황 마도카 물복숭아,https://cr.shopping.naver.com/adcr?x=bxsPEd8u8WN2TWzo2SWu%2Bv%2F%2F%2Fw%3D%3DsYVbNRjiaD38AgygMl8RJVrKcQCDME0F6WMgtf3azvZI2hzLHBr87GDVYkIpswSN7MGMnfK1QMrgVPpKnCLKKfUbAoeRkvpJaJBMwPydFbM8QhkkHXK4%2FmSRy5icYE%2F275JC%2BZYQxgIhX02r0OfXY3qIasgcs1UKDOkIqnWflFwMYUSQlS56Lf6BXHECgTf5SMBbAUTLhEczrfo6o%2BFCYJ9koDZhZTyE2PqJzLGA4wO6GAG%2FYFwueoYmfxuzzbq9f2HSZ9gUDfZcH%2Fl3hQANoXm6tgX6zE5lk3QRdgzSp5Kmk6v2w9jBqMGR4TTsgYaQnlII%2ByYYqWVu3SSXxcjEJdDfzSDu4Zycnz0gPke5Dhq51qVqs%2B6YfGxbCO7%2BFJYOi65ZesbGsraQZ4SkMEVZl2aEbxjxVTnld5KpTvgTVsAgSfvYu7S43brfOpqgH8bmDWbWQPA43k%2FkxL4Ki%2BUJfwdEdItU%2FZpATMlrXf2rTvFFlHIUa8Cb0Mgdl%2FvAM3V7xfzAzhXDAxaj6CO3DQippaUv%2FVTWqlDnvOBwcQaQB2p5%2F%2FvAdnDnWQET3w1liJRgnBX2BilAssGldDAG3OiTeC0gTAs5CLRRZutTJmGYKhnRhge%2FSUenY5Ws3g5AIIVZCNiFgIp6Q8IO9tMwX%2FAlCl3TSyHzWVF6Ajg1LLjYsIi5DJTiw8RVxRWQxp9gZVyRUR3%2F%2BTi89z0efrw2nQlGFO%2BR79U%2F6Az3gE9mQ%2Flgn57E%3D&nvMid=86413934326&catId=50002183,26800
황도 백도 황도복숭아 쫀득이 딱딱이 선물용 프리미엄 복숭아 3kg 별마루농원,https://cr.shopping.naver.com/adcr?x=2DKdImSJUyTTgUWCz4a0Qv%2F%2F%2Fw%3D%3Dsx8DsyNjmKobgCzG8N0RinSLeg4SbeStADdLVUt8rox3ddpgog6vog7UDVTVuLsDcjWpVxSBr4gqOfrN6wI8PQB4pza8ebIOIXPrPsGGS95ek6v2w9jBqMGR4TTsgYaQnJ1e%2FWPZWmRuH2JLC8L7yS7j7029FML%2FL8r1KmuowAPs%2FRThqVJkaN7kr%2F6Ir%2BcJHmcMC7%2Fbsc%2FVhbBv%2Bz1E1POa0O2TX7GIDZW3de8vjU8wrgAIZMNskBmaCqBBKDGjnpqAN%2FlR1M%2FrtE6FaLpdWjktB3kDyjE8CdR8BX01lGRe54J8UO7LDGXdPU9Do8oyMXmq0wb8nQ9S1CNyVqQgAyPZ2gEVKvQ2pr6jV1nzgaHT9MR%2FIijktc4r9kgbCSguTLdtq9WETdaC8Mi8XlzMWct6FCGsClSnf7OQa%2BHenG0h2Mu61t4DaYNzFeBsrv6k78ew1imEaMegbSGrfcbiZ2XtiWjMvqR5%2F8ePgrHXI6BEL%2B%2FHK3NRVl4fMWKAyXpVnsrR7%2F9c4SSzN0zBSvNf%2BSY6oVL%2BDWCDPhFKu3paC0WjuJDTfwgBYYsTXKotSwZGL9sVo%2FuIpn1Vvolk%2FYa9aRv%2FWF41rRQM%2BdJgmz4tffl3acgLvsVCTw7xDFHAH30x4VCFjPMwTnwkRVD3PG8b6C6JQgXNjS9oUczekrHyl6jSxjcd%2Fz4KiKnx0ORhmMdXIEVtGh63oOzb5RtHkwQmFrAau4fTwOUqyF63FjwpQRls%3D&nvMid=84316165272&catId=50002183,22000
화랑농원 감곡 햇사레 복숭아 4kg 선물용,https://cr.shopping.naver.com/adcr?x=OOxZFC%2BM%2FHfdLwU90c5%2BE%2F%2F%2F%2Fw%3D%3DsjIJVYo6oAkivMDLwZookaD%2BcJ3QmlKsVknRUYOh752k2hzLHBr87GDVYkIpswSN76oROHkezYhgnq1iLBvPdtUbAoeRkvpJaJBMwPydFbM8QhkkHXK4%2FmSRy5icYE%2F275JC%2BZYQxgIhX02r0OfXY3qIasgcs1UKDOkIqnWflFwMYUSQlS56Lf6BXHECgTf5SMBbAUTLhEczrfo6o%2BFCYJ9koDZhZTyE2PqJzLGA4wO5sUWXHuiSsvKmCZCdDCr0vWN3r2mF0AIx4WoL1Af6HwG6tgX6zE5lk3QRdgzSp5Kmk6v2w9jBqMGR4TTsgYaQnlII%2ByYYqWVu3SSXxcjEJdA%2BE77cG8jmhnH4e6o4uanSNBtce9lZolvGQEYvEYMkJ65ZesbGsraQZ4SkMEVZl2bCQDceOudM%2BcqDop5PW79UPDzhzHI%2FxDhC3KAlnHAw%2FZCqdO6wNGVaRpeNbb6CvkVSZEth0cKqnouB%2FkuQgfgcSbcSj87Q7Xb6Bsa%2BcrAQs9VsSJitEuxuXCiAYZrQaPjN1n4Votcf6eDyHFi3CcZf8%2FTc0h5sBO2hh2snwtH22DFEvaJ8SBbkCW0fG3Zw5AwVlNfjjeNQOb25a1hTEkotZJlhsJS%2FDuCk0AiX8z2wJA35CyMrpXQUt3%2FJvHupy5s1ITc7NlRPvorKrNyQBKaY%3D&nvMid=86407358885&catId=50002183,35000
충북영동 말캉이 황도 복숭아 딱복4kg 당일배송,https://cr.shopping.naver.com/adcr?x=qOXPI7Le38e7fdWTRPrM2%2F%2F%2F%2Fw%3D%3DsSSWDszSRxhm6epTMY1Z6VWI25qY%2BwRnhR85GtXWWKnXddpgog6vog7UDVTVuLsDcX8x39FQ04YBhUa2dm9T%2F2h4pza8ebIOIXPrPsGGS95ek6v2w9jBqMGR4TTsgYaQnJ1e%2FWPZWmRuH2JLC8L7yS7j7029FML%2FL8r1KmuowAPs%2FRThqVJkaN7kr%2F6Ir%2BcJHmcMC7%2Fbsc%2FVhbBv%2Bz1E1POa0O2TX7GIDZW3de8vjU8zbeCCKnNG1mukYmrMpN83zKF1ivni5ObUbRS%2FNEVMOdEtB3kDyjE8CdR8BX01lGRe54J8UO7LDGXdPU9Do8oyMXmq0wb8nQ9S1CNyVqQgAyDWF4PfkT65zbVljNhiEnzgUcFHOjpGCPmI%2BiXAUV%2B3EaEbJtGxjvVB5xy5CQC17dmTe9%2FYWgkhNoUT%2F9gahk1WMHn7BDBNaqXNmoKbAeTMvJ3v2HseClzcIvfTvHSqQhzEvfTDG5i2oVu4pViVtkBrc2i00WwoMPoAEU2vVOkzwlSaooWfgNS%2B2Ckrbds8LVA%2BnaMyS8oJ26Rfom1Zrd1d8FQ1Y9WxXKCiLC14p%2FqwH05%2FiL3MWsFcTbnjz%2FZLXrQ0MiD8LMl3rRK%2FXCYpYOcZC%2Ft9lhbyMgpqPOL3fcXLRFWPjy67tmWD1BwV7mjpG7McgIRCk8vtGb7Z%2FKGMSEdE%3D&nvMid=82561135467&catId=50002183,35000
복숭아 신비복숭아 황도 딱딱이 조치원 물복숭아 딱복 대극천,https://cr.shopping.naver.com/adcr?x=P%2BzKExo3ZQQkc4X25sIvov%2F%2F%2Fw%3D%3DsgDtEO1%2Be9MGYq8I7oEX5vGzmfPbKGeSh6xecRwpmtII2hzLHBr87GDVYkIpswSN7%2FMzDoZ1heFUf4j2ZTOYUckbAoeRkvpJaJBMwPydFbM8QhkkHXK4%2FmSRy5icYE%2F275JC%2BZYQxgIhX02r0OfXY3qIasgcs1UKDOkIqnWflFwMYUSQlS56Lf6BXHECgTf5SMBbAUTLhEczrfo6o%2BFCYJ9koDZhZTyE2PqJzLGA4wO7mRcUe11kjFbKc3oZ22LATDBKSufOOQ8LF0re0LVxwXm6tgX6zE5lk3QRdgzSp5Kmk6v2w9jBqMGR4TTsgYaQnlII%2ByYYqWVu3SSXxcjEJdIdltAB4tORRApqk92qZ7LghqY7a18KjP2bmpjfHEQIL65ZesbGsraQZ4SkMEVZl2bqab9NHkNB%2BKMJ%2FCd6MGk5wv%2Fu5iaP%2FLJ3IyNvW2T4k783Xhd7%2BL6xZIWsUWIOIQ4jnOaBHMZ0MG6qYoqtwO1kEvgBJz2tlH5wZ5msRytSWaXNm2%2FkpZADbPsdOo0JNLnf%2BQ8Dp87Trml0j53ou7J9IEwLOQi0UWbrUyZhmCoZ0VxaI9wOzFSQRCptYM0hodDYhYCKekPCDvbTMF%2FwJQpdDVUcgag%2BPTh%2BrnqKdBWlXr7A7vxk5IBz0RKne95Nz%2FXgIzB8N7Txy2RC3l4RhX%2Bzke%2FVP%2BgM94BPZkP5YJ%2Bex&nvMid=86189255529&catId=50002183,29900
조치원 복숭아 맛집 선진복숭아농원 4kg(백도/황도)산지직송,https://cr.shopping.naver.com/adcr?x=VUqdVWbQb7kaMHs5cI7HVP%2F%2F%2Fw%3D%3DsPF4IyZ0ZPB3zJBzMviCYnMFSZmRvtfbWzlrUdbywq7fddpgog6vog7UDVTVuLsDcMkQjlw1RqB9XU9iEDCTouB4pza8ebIOIXPrPsGGS95ek6v2w9jBqMGR4TTsgYaQnJ1e%2FWPZWmRuH2JLC8L7yS7j7029FML%2FL8r1KmuowAPs%2FRThqVJkaN7kr%2F6Ir%2BcJHmcMC7%2Fbsc%2FVhbBv%2Bz1E1POa0O2TX7GIDZW3de8vjU8y5u%2BLaMbRR7j4zS2m81Tn%2F0P21aRxoTTxI2TtDBK%2FmNa%2BCrc6LB6KlCc1Pw1ob5WKAbCY81f975eS5nfR25FBiP83WAv8GAIoQ0MwLPWeb%2FX9loGSKFVOH%2FEP3LobrZeDP%2FERRjvr9fDXzpYCyyvjY%2FFsyWbdemWCcC%2BJGO2KRVdY%2Bmh1rCpO1MeUxxRdGprB6K503jBTFiO%2BslOwbxo4Ohb5X2ieyqLigzUw7DHIGx5FWO3S4iVXcgu2j6SempHcA57IM35A46w0wNFyey7yiWRgABgLmGfXcgDnCUZU9X14ugQc%2Fcb47n%2B8cf%2F2mlm2IpSB8QzHT6r0e1tVQ7MR8LrkakACsBzkFh%2FiRfRyGlwXKOQL6UjnIoDY8n8UnNNi7HG6uX2vgu%2FPQWPKtxDGQeikvBHzywazPzIAs0SZa8oubcr6NzMeiWtzhf9c0vOADfkLIyuldBS3f8m8e6nLmzUhNzs2VE%2B%2Bisqs3JAEppg%3D%3D&nvMid=89615760647&catId=50002183,42000
복숭아 과일왕자 딱복 딱딱 백도 털 딱딱이복숭아 3kg 4kg,https://cr.shopping.naver.com/adcr?x=tS9rx0awlkWDLUiyR%2Bwm%2Ff%2F%2F%2Fw%3D%3Ds%2BqflozuT4OIdJ8xQ9PBghbKwgsv%2F4MDKDeedtlufCgTddpgog6vog7UDVTVuLsDc9GGfG3kOPNeY5r935WfM%2FB4pza8ebIOIXPrPsGGS95ek6v2w9jBqMGR4TTsgYaQnJ1e%2FWPZWmRuH2JLC8L7yS7j7029FML%2FL8r1KmuowAPs%2FRThqVJkaN7kr%2F6Ir%2BcJHmcMC7%2Fbsc%2FVhbBv%2Bz1E1POa0O2TX7GIDZW3de8vjU8yRaH3kuBLifk7wMfXjXn0S3EC1%2F3ZTwiSCrtc1JmvuN0tB3kDyjE8CdR8BX01lGRe54J8UO7LDGXdPU9Do8oyMXmq0wb8nQ9S1CNyVqQgAyFqMdOxtfvRPidHJjh4EJSmwcGtNzCQ3gOK3w8v2P%2BgeaEbJtGxjvVB5xy5CQC17dm3xU1FhvRY6du9b0%2Bbt9E2MHn7BDBNaqXNmoKbAeTMvYDPvrm4XXWnDGub7oH2JQ0mQ0sdNye2C6m262h%2BVVmJ8yPiXUqgv5EK8PAuKSuood5c9DTEewiOmnnMZ%2FB07DEwGZa1Y%2FkY3c3lAwnewVEH%2BwggP0t%2B0%2Bj0EnnfLRzg5et%2BaPPxetc5eVdof5mJLWXR9INs9ZpxiOekV5%2FkbMXHdst5nP%2FelRfXd2WTcLBZXFyvOmB%2FgTiuNVjJOpLyt1F3IKx%2BIKn29q7KN61IV0MOFbDf4gHI5rSMJU1BWcIOg&nvMid=86428723765&catId=50002183,39500
천봉엑셀라 신비 부흥복숭아 대극천 조단장 도왕 황도 딱딱이복숭아 천중도 슈퍼천중도,https://cr.shopping.naver.com/adcr?x=5pW%2F1Zj95n1oP4ypt4IzS%2F%2F%2F%2Fw%3D%3DsdVbZQ99jiEIRmeqBL1MHcITmtC5JkpBHoN7hzwj6Ezo2hzLHBr87GDVYkIpswSN7brXbH3lg7jMwsvHAcOz4oUbAoeRkvpJaJBMwPydFbM8QhkkHXK4%2FmSRy5icYE%2F275JC%2BZYQxgIhX02r0OfXY3qIasgcs1UKDOkIqnWflFwMYUSQlS56Lf6BXHECgTf5SMBbAUTLhEczrfo6o%2BFCYJ9koDZhZTyE2PqJzLGA4wO7F2jBLqGC8ewUfRwnw8CImAdKxCrvB4IGeKFbzH489l26tgX6zE5lk3QRdgzSp5Kmk6v2w9jBqMGR4TTsgYaQnlII%2ByYYqWVu3SSXxcjEJdNdmoGNF8bACYbQSFnld%2B0FrpyNftRMoeA02DbDqSkHisD6uiSpe8BECiHp%2BoNyFdfh0NFKWXWCSP1ozsVWHkWtJuPWVdumVNWbX2olfFt0TnAQwkdT7vEIwucueFHnnmWOTUsofZou%2F3MEESMEYiqLvrdEMMvGPwLM%2FW3x8hR77rs8PYYpUAGSLFaf7ZQRThY9wLLdo2aIr5zDCl%2ByCKw7dUTcZVfqM98bN2xSJkNDjeURSiarG81JJ8TzkTw1%2FibOMlUlTLJgU4Jdnd9dEhKhVpidFVaOzsNbYn4LVKolqdRM2ejeXMHLKUhaOgGkIEkY%2Bgux1IqfLFER0Mw39Odu81l5JaquRbV2IoUaLfohJoEXHB5FcLFZz1hrnbW2CdFaFndIwdNwuWmKtx1HNSCrUkiyUGZ3FpPHvE7X48%2Bhb&nvMid=83239365864&catId=50002183,29990
복숭아 신비복숭아 납작복숭아 딱딱이 말랑이 대극천 거반도 천도 백도 황도 하우스,https://cr.shopping.naver.com/adcr?x=yH88lxUdzj%2Fpmhk6m5rQU%2F%2F%2F%2Fw%3D%3Dslsgx9HXkZH22VOkyfKsCNFebDdQbyTb7NzTTM55R4Ew2hzLHBr87GDVYkIpswSN7u1uIKO1bHz9kcsjTrXyU6kbAoeRkvpJaJBMwPydFbM8QhkkHXK4%2FmSRy5icYE%2F275JC%2BZYQxgIhX02r0OfXY3qIasgcs1UKDOkIqnWflFwMYUSQlS56Lf6BXHECgTf5SMBbAUTLhEczrfo6o%2BFCYJ9koDZhZTyE2PqJzLGA4wO6L%2FGnChERRdNTgYrd3g8xCVf5nnitnnnoNj%2BgO%2FWqzrtBPJYRB6fQafrXpO%2F811XQ%2Fa18qhDQ1A%2FKJp3fgBDor391W%2FC1w5SVs2sYtTdFSerqw7DkcL3mb00XJ%2FogDCAbjwSg3Fk3YJ%2Ft9%2FIL8B%2FuyLdtq9WETdaC8Mi8XlzMWcrQ8kScxLtqU3mGZdAm8jnZEVp0igryvMeq7nwyxkaknVrWbt1qJgI1bZs2%2BKvy2g4AYUX9ijUUATZNK2mx9mrdX%2ByLeUAg0f6BIC3qWmg9aAD22y%2FfCNGcTPL%2BixR%2BbO1V5jwu%2FpMpFpTSncMPQZpMVqcdjRBdmjHIUttR4x53qbG3eaMAuj8%2FVWagOCmSjTkgTAs5CLRRZutTJmGYKhnSYeUbRX%2BSe474HOkcQ3oDwo64FkP9CQbIx7neKc6OctQiJtcMLn2%2B8QpqVl7%2Fzz%2BzErxxJmvP9q3aJeEfGXhwPMWWblnoq%2B3Le3WTEAXCS4ldznR4EhPC6BI08fc6TT2xWkbDrUFJ2hBG8QaB8WVzn&nvMid=89393423263&catId=50002183,34900
신비복숭아 복숭아 딱딱이 말랑이 거반도 대극천 천도 백도 황도,https://cr.shopping.naver.com/adcr?x=ZRaNUkJ2yirPCr7x0e8xlv%2F%2F%2Fw%3D%3Ds6wVsmoqQ7HE8ZN3S5p19hbfVV8dVzlJ%2FTRxY84q9ISvddpgog6vog7UDVTVuLsDceQGSI9bqA6tjrkljXolnPx4pza8ebIOIXPrPsGGS95ek6v2w9jBqMGR4TTsgYaQnJ1e%2FWPZWmRuH2JLC8L7yS7j7029FML%2FL8r1KmuowAPs%2FRThqVJkaN7kr%2F6Ir%2BcJHmcMC7%2Fbsc%2FVhbBv%2Bz1E1POa0O2TX7GIDZW3de8vjU8xa%2FCKlUpaYjwKjYOuPGKPPNspuDSta%2Fi7khUX%2BMVjx3EtB3kDyjE8CdR8BX01lGRe54J8UO7LDGXdPU9Do8oyMXmq0wb8nQ9S1CNyVqQgAyOucAvsSduXHTxJ9heKAPBsaF7TJTBekZAPINwL3dfdnLdtq9WETdaC8Mi8XlzMWco9TABrdvjHDNGTbjzx9U30UIkt5M0yIil13vZMydQVHzADU1yPXLKD0CnfHSZBRuFf7It5QCDR%2FoEgLepaaD1pHHBYmEeNBWtsmXOx8PKMghbE4V83BgRZyd%2B17mlGqgRWpx2NEF2aMchS21HjHnep5WvBrjDToH5ZXiUVI1plZrE1VovSrIu8D6RSEa2EW5DvmCX008i8DaV36Rpzu51x9z8EX7qQs1kUyn0SoaYGUiZLpdhXQE%2BZM%2F4BS9YFEmMlw1O3V8RAV7rTMTvpDLpsRW0aHreg7NvlG0eTBCYWsBq7h9PA5SrIXrcWPClBGWw%3D%3D&nvMid=86181902956&catId=50002183,29900
딱딱이 복숭아 햇사레 망고복숭아 납작 황도 백도 대극천 말랑이 딱복,https://cr.shopping.naver.com/adcr?x=FO0rKr%2Fim4Tjl0iV%2BZe7yf%2F%2F%2Fw%3D%3Ds9aJe81JOYW3nXiKN%2BVeDji6GleDirpbNGN1JckwW0N5UZPh5rQI4WZSq31vmdEjRFtivT4NwkiFhZbUhGKDzttof6jW5jHdz%2FbROY2pgmykluxxfm60J9z8rnZUjvqTWZ54KGWL5jcpqj42FBTQDKp1XlAHc6CcYCvKeronFZ1xh3s%2F%2BJHcDF%2BDTt3qzw9jhBju2H9vlf%2B7%2FVgVUBSeHForiPkxPAXjk2LX8wmqtKDSYeIAt9bP7238o2DTJTA2j7%2BzW8AKQ7dPH4LjwIg3QaySUzIWFZmQuZ4CBmnx44zFr6kdrp7BvT8OlwZ7P37YyZp%2FuhVWf5tMOyu5R2EADu5v3BN3NpzzcejpQ14GxnFFkjYHO95j8uTTHTboQTySdsD6uiSpe8BECiHp%2BoNyFdcWOF9LgaM15vNd15o1sDLy4V2FMyeLvOUlLZqlcrzcJB1juKWXQKGP0Rf40YWKt%2F4bjqPXAKEINhRJSeuX0meWZdpNUSTWhOq8R72l9H10mAN7%2F6pT79IyGDivAVhtqy1I8eK8iZlYpEjNyJJgPAKRhfXMhn2q8WvPD8%2F95Ch5QNQvTh%2Bg5V2gA2eEozoEbw1WbdfSrvwUvKir187Mn2Ut0fSDbPWacYjnpFef5GzFxDMqctub2MbYAjDUWaVi0yvyJrVicTJ4NAqXd5IPU2EtMtrMy1W6AdhO24W9lDFv9DhLBwu%2FFQS5xWYf5w6G3jQ%3D%3D&nvMid=88007028844&catId=50002183,39900
아삭한 딱딱이 복숭아 4kg 품평회 대상수상,https://cr.shopping.naver.com/adcr?x=RPvA5LzcBaHINCTk1cFuXv%2F%2F%2Fw%3D%3DspmJj4klpzRC38FHCSNGRF5LAhgNyplUlt2%2F26Lay0i02hzLHBr87GDVYkIpswSN7lAfb7Kn3Rv7iDxtf1HHVSEbAoeRkvpJaJBMwPydFbM8QhkkHXK4%2FmSRy5icYE%2F275JC%2BZYQxgIhX02r0OfXY3qIasgcs1UKDOkIqnWflFwMYUSQlS56Lf6BXHECgTf5SIRpk%2F3naDVH141FQydqSq1JReKPpLs7eM2%2Fs8wOUAeko5kfPcyWYHsE5YIQe9mCkuialovowSq9qTwGF37sy76%2BCrc6LB6KlCc1Pw1ob5WKAbCY81f975eS5nfR25FBiP83WAv8GAIoQ0MwLPWeb%2FWWH6rtYXpKyeE28HydfxHJX0tB02CbZXLwsXFQrmUhwaEbJtGxjvVB5xy5CQC17dly59DFYv0oq7UqGTeaM7LSMHn7BDBNaqXNmoKbAeTMvUJ5SRQF%2FUbH6LpEW73iSUANei1FsEwtxfRRtspdJImaHqVcEP46Ca55GDeqX1PmAKFlkKc6CbTb5xMO2tUJSxvGEDyug1zSkiZZHZQx08uIURvoJ1rx24X08t0CnyOdJkAlOKwPahCEyYd9E%2Blamju2TMBkBBtslaQJQ3xH9sDylDgn6PiwbrmNLmitAU3CmGB81KKM282D%2F8SERSHWUJYKoDr6us%2BRKRCOTdsWr9TI%3D&nvMid=83248128050&catId=50002183,29900
[GAP 인증]산지직송 경산 용성농협 천도 복숭아(천홍 선프레 레드골드 후레버탑 오월도 신선),https://cr.shopping.naver.com/adcr?x=0uHxa5eyImkh%2FL2fAQd5U%2F%2F%2F%2Fw%3D%3Ds6XvP5UV5LRusigxDk3%2BJQdyOoYX1YeVFk4YE2LEsla9UZPh5rQI4WZSq31vmdEjRQMzUcn25pPD5vU6Umh8Ed9of6jW5jHdz%2FbROY2pgmykluxxfm60J9z8rnZUjvqTWZ54KGWL5jcpqj42FBTQDKp1XlAHc6CcYCvKeronFZ1xh3s%2F%2BJHcDF%2BDTt3qzw9jhBju2H9vlf%2B7%2FVgVUBSeHForiPkxPAXjk2LX8wmqtKDT6ZLEH%2Fo9zaS%2FIWmSUaYP14yBQpOQKEL7kI5ps3YeBlCSUzIWFZmQuZ4CBmnx44zFr6kdrp7BvT8OlwZ7P37YyZp%2FuhVWf5tMOyu5R2EADu2312Gpx80GyICAo6h4zVxydRgiBI9iRapowOFCEMdvwkLB%2B95r8%2FYg57dz6TXqF36SgiDAMfCbz16ZohXCsesasvHPgR2kJ7w6f7rhgx1P%2BgsJLnsUH6mLN98LmGzyFsVDiEqyJOG1P%2FjqgD1McEQ3CH1%2BzxjmpjwfJUgfo3RkQH8j%2FECL4QA0NeqE8uW99wmWvCOnK9DcpPDeI6QV9JlIzHe1YZCIYl7cubUK4Qay30Wubl87NUKcqn6rzcu30GsBtgvJB%2BLPES7K12f%2Fa1H4GHekKQ1l4pNc62E3Rf49wguK6KbMe9fcp6JEASnf1XaODQodWISxvFunJG6tET7ZGgVzPDrV8PuJp29bTS5OETUfU5WMS9tUj5UG3e9V6LAMttZObqQSLtusPeaHmFZkGruH08DlKshetxY8KUEZb&nvMid=89328833605&catId=50002183,13500
청도 천도복숭아 못난이 10kg 한시적특가가성비갑 못난이 천도10kg,https://cr.shopping.naver.com/adcr?x=zdBPY661cr5966AM%2Ff7A3v%2F%2F%2Fw%3D%3DsuTdPGSz9BLxeZ3ZL9KFK0BwVWnURJuHL05%2FBvkm9nw3ddpgog6vog7UDVTVuLsDca2offFcAhFv0SuJBoNgW6B4pza8ebIOIXPrPsGGS95ek6v2w9jBqMGR4TTsgYaQnJ1e%2FWPZWmRuH2JLC8L7yS7j7029FML%2FL8r1KmuowAPs%2FRThqVJkaN7kr%2F6Ir%2BcJHs4cKcrECZwNmV8F7DWRJmd5yHJRH%2B97Or%2BZidURhuYIPUIol%2FAXLZE85XbDAVHwL410LjkSKcJ7DjZIDGtRzjonix58S%2FXBZhVdWjb4Owu7x0aEqo6tYR%2FIJGVXcRyKeo7QXlTXvte0Akwo1C8ol46%2BCrc6LB6KlCc1Pw1ob5WKAbCY81f975eS5nfR25FBiP83WAv8GAIoQ0MwLPWeb%2FcoR0gG6YfEsXyoOkKRYela%2F04BBsW%2BjPTRnwQ51V87ZsD6uiSpe8BECiHp%2BoNyFdWRz%2Fgpv%2B7Bw4ULNdsYbj1wkCG0nS8lvLtA9F0gxYlucCPZOMqFqhb4jueT3e7QoOrQIPttJbK2rEZ8jsL0yF%2BT8nYOyGicGlk5ZSauOCobS0YPe5yFNhU7PNZ%2FnD7t8KeWTEsb%2B%2B9nhgNTYoqSFE8WENBe6zkfI8pMbijZ%2Fh8s%2BYQoV%2FjkP71Tqgl04o4EPxw6jv%2FE%2BFe7LLMNoxYiRKDsKvSB2mu7mnGJmwldD3zI5a5PD1d6mZRgYc5qHYjdH0kuQOqHUDxscZFVL3TIyyzYOEsHC78VBLnFZh%2FnDobeN&nvMid=55728891473&catId=50002183,27700
"사람사는농원 복숭아 딱딱이 부드러운 황도 3kg 9과 내외, 11과 내외",https://cr.shopping.naver.com/adcr?x=whBz0eo9w6FRdTcRYiJtif%2F%2F%2Fw%3D%3DsziW%2FiaeJv8tZSBVzLBIxxT1ql5n8oc1L0rx6fW8kVcfddpgog6vog7UDVTVuLsDcMx4%2B%2Bfg9DEODBvupCwDDAB4pza8ebIOIXPrPsGGS95ek6v2w9jBqMGR4TTsgYaQnJ1e%2FWPZWmRuH2JLC8L7yS7j7029FML%2FL8r1KmuowAPs%2FRThqVJkaN7kr%2F6Ir%2BcJHpSO3hYn5O4kGEl7AzkTScT6Cgwt9vXThq1vRgZfA4%2Fj3AUEXOmJhBQgkgjj9AQx5pdiYZT%2B5IfdpLQsGduhA5iBcu1zwMl6mI9ymz37xMN7DpmNu2Rs3tEPrV0ZTODsbWqyaFa2xLbpwGCJChqMDqij4QIHzmCwHCo0Q5TKXM92vwBxTvG396J5RteVwK9k8%2FFsyWbdemWCcC%2BJGO2KRVeo70pr2FyZm9jpo6PBXiK8%2BhVEYoTr1TSuvmq6LxRF2cNzhTupip7eWladEt9dTlcX4Rc3E%2FW3R1RVCcDFQcL78Yq578PRspJf5MVBbjvPW2Wq5cVTB7M6mPUjsKwYRZj8%2F56OFvAl%2FwMI%2FCcW%2Fh%2FFDzJUHKTl67LJcxZEdHi0Kk5O1k3Cob1XhlCyPrh%2F1tIFH4xGdlUH8CB0KKbyG4i50fSDbPWacYjnpFef5GzFxv7RptE5bY2aIRgZl17SCfWaRM1G6tWpLlsvkc172i2PLGkZ8yDp6FjC4cZJJGhIIhWw3%2BIByOa0jCVNQVnCDoA%3D%3D&nvMid=80876890083&catId=50002183,36000
감곡 햇사레복숭아 흠과,https://cr.shopping.naver.com/adcr?x=raseBpP4wiqN%2BXPZM6ymbP%2F%2F%2Fw%3D%3DsD84q6gOz1PDmTZ5SOO0Be4r0QcCltuBdhjTrOl0hJp42hzLHBr87GDVYkIpswSN7c0rMjewL8b0lFtzJCeFUV0bAoeRkvpJaJBMwPydFbM8QhkkHXK4%2FmSRy5icYE%2F275JC%2BZYQxgIhX02r0OfXY3qIasgcs1UKDOkIqnWflFwMYUSQlS56Lf6BXHECgTf5SMBbAUTLhEczrfo6o%2BFCYJ9koDZhZTyE2PqJzLGA4wO5%2ByqFZDSn5GEA21zpJ%2FoQcekiGLQIqPVMd0xxkTo6fxm6tgX6zE5lk3QRdgzSp5Kmk6v2w9jBqMGR4TTsgYaQnlII%2ByYYqWVu3SSXxcjEJdEoCR8fKI8RpPDNji1IV5Hp%2F5xZWEHtp%2BQ9%2B3%2BSJhFtYsD6uiSpe8BECiHp%2BoNyFdbAR2BwEz%2F3Vp%2BnS%2Bg9EpCdVcD90Cx639lBQjR25yeEBbZWhgh2fS3zFmFLmdOQb7xDsmJiazUn9ePmO8o6X4B2%2B%2BOK992xWzX%2BT%2BAhnTb5%2BJboD%2B2Akr5Tv6nXcflxDPWtY0vFGtYcImi51jMcKK8YNrgcXOmTq4MRsQyCaKIgkAIDShnJybh%2BCLuJbaspQa7nMrZdUpVDvx2jBr4gfdwJoaKZHilHbuauHUigNM5KA&nvMid=82187673337&catId=50002183,25000
복숭아 딱딱이 말랑이 납작 반납작 백도 황도 신선 신비 대극천 딱복 물복 고당도 제철,https://cr.shopping.naver.com/adcr?x=Hys0AZJkOIpfoS9xFlmg%2F%2F%2F%2F%2Fw%3D%3Dsc6gGkJ9zTnX%2Fx7rbE16Cxbouri8L%2FZ8L6MoDP6K6en%2Fddpgog6vog7UDVTVuLsDcV1WJlr%2Fm7YOIxpWTjGUgUR4pza8ebIOIXPrPsGGS95ek6v2w9jBqMGR4TTsgYaQnJ1e%2FWPZWmRuH2JLC8L7yS7j7029FML%2FL8r1KmuowAPs%2FRThqVJkaN7kr%2F6Ir%2BcJHmcMC7%2Fbsc%2FVhbBv%2Bz1E1POa0O2TX7GIDZW3de8vjU8yo4EM16%2F2wzHxMw93YriMeSL%2BRJv7SvEVAQzeYVg7uwa%2BCrc6LB6KlCc1Pw1ob5WKAbCY81f975eS5nfR25FBiP83WAv8GAIoQ0MwLPWeb%2FRrLHg%2FpEX7NU4vIg8ENya6nvyV%2BQJSl8DhbVbtEJ6pXoj8wnuLqQbY6DevURveFWjEEGeK6qVFxxbEDpsA3x6fN81WjUpxJVJrN5mDsz4Bp1kL4xpGjlglnZcp%2BoSlJI6VmR4lZXF3mHNlgKp%2F08BOo9vOCAWidoXiNQGJqFB22F9uR0EIzAVEXkGfv4H4AdJACOyVIlP8XzpEcnQITIi%2Fe7Egbq4B32OtN%2FUXnicSMn%2FHDvPtBngp1gN98tQ1JrXzfl2sMLMEIj%2BuwFQcbDKVJH5F8e0PqRIcAaBO9JbsPc7VtnvfM9hE7cHuPs5Yeszg3E8l01zDSBfQ%2FtR5SFtZi04wbWvLVK%2FWS3iSLxaiq13FONk1l37LZVuTPb9gWf2BcfGbdzdYJETOFeyuigAYGruH08DlKshetxY8KUEZb&nvMid=87978831231&catId=50002183,12900
"감곡햇사레복숭아, 4kg, 딱딱이 말랑이 백도 황도 유명 천중도 엘바도 대향금 양홍장",https://cr.shopping.naver.com/adcr?x=SnnwZHrwPkewLhenfLbf9f%2F%2F%2Fw%3D%3DsoDRvNuVa61x5X4xZAI6zdUUS%2BsfjnSNj%2FpNZJ4%2BLOrVUZPh5rQI4WZSq31vmdEjR8YTknL5T9wOIzJORV514jdof6jW5jHdz%2FbROY2pgmykluxxfm60J9z8rnZUjvqTWZ54KGWL5jcpqj42FBTQDKp1XlAHc6CcYCvKeronFZ1xh3s%2F%2BJHcDF%2BDTt3qzw9jhBju2H9vlf%2B7%2FVgVUBSeHForiPkxPAXjk2LX8wmqtKDQrcjggOT9YnkahLYJRvf0N%2BNMwmhJIPLS4%2FV4%2BKg4nQeVKxmu42qVdhhohWyM2SDkQhkkHXK4%2FmSRy5icYE%2F27BW36r4QZshREfg%2B3vq7RNt8cuXE04HLjlC%2FnT2L66nstC%2BVRXkRctTmBRBI3Fl7hdwnULnsLPHqAWq7fV1CRGQYMX4hZx9gx7c0huany4DZp6lzi8SKjIOfdZU6mHTqBRBJMavoHxYoyzPn%2FYan94fWG609zsFyLr89X8hwdVvv6suggQguknXc4NYQPejd9zYdJj4hEBip309JYRFyioYK2r%2F6M6Sn6fCK6wNcu1ogjdEG0ut56ATynYnQqZ6wlTu4dFDHfDowOLMseVR4lWlafH%2BbJVliuTsGiBPd0ZcbDqyaRONr13B%2BxaZyympCKD%2B1GzYyCQAVsDO6ulMSblhSOUrHSyud3f6kq8PeoeOT1iJWwNzttghwJJpRisf1XdkV0RcgYy%2F9Qpn%2B9BHRpRg4SwcLvxUEucVmH%2BcOht40%3D&nvMid=84188459811&catId=50002183,39000
영동복숭아 딱딱이 말랑이 대향금 우림상도 상도복숭아 백도 황도,https://cr.shopping.naver.com/adcr?x=FSwy0hCR60KeXAvdd68jeP%2F%2F%2Fw%3D%3DstfqpgBLva8ZUZNI6Pu97zX7uTWefzlDVENdx%2BtCzUE%2Fddpgog6vog7UDVTVuLsDcgpt54J%2FNSnXT%2FUY3ZByndx4pza8ebIOIXPrPsGGS95ek6v2w9jBqMGR4TTsgYaQnJ1e%2FWPZWmRuH2JLC8L7yS7j7029FML%2FL8r1KmuowAPs%2FRThqVJkaN7kr%2F6Ir%2BcJHmcMC7%2Fbsc%2FVhbBv%2Bz1E1POa0O2TX7GIDZW3de8vjU8yO4mcFC8qWisZzh8iSGh%2BCh6NCCrYcNQhIjwP9174%2FYktB3kDyjE8CdR8BX01lGRe54J8UO7LDGXdPU9Do8oyMXmq0wb8nQ9S1CNyVqQgAyJcp%2BDd2tToj0EsYUB5djd0SvHBHz3Mb4TfHBoYxC%2F7caEbJtGxjvVB5xy5CQC17dlxYFcxWkbN8KEbRVmGHLq%2BMHn7BDBNaqXNmoKbAeTMvjes%2BPcjmqh8Mo7QxMOsPDKqpnRhWd9PDLz9YvTz55IEX1aK%2FU%2Fz%2BLudbElbdcHrNRbsjuPhRFnAqQ8NPfjqNmwW3V3nXQ%2FaXyTRlFtyTQIjxOeYAnJ6CTF8zK2Qpoy3rnAWagjqF3qm%2FlEgpaQlvygt2isNNK41cs9AGTHOZ63yQCU4rA9qEITJh30T6VqaOzgD2fMXSrr92%2B162tWhIXxpv%2FKAu%2Fk58eCaImf%2BxtnStfPedUkQESNbcuFN4ALemgqgOvq6z5EpEI5N2xav1Mg%3D%3D&nvMid=86510494209&catId=50002183,35000
복숭아 백도 황도 대향금 천중도 마도카 양홍장 단금도 의성햇살어린 4kg,https://cr.shopping.naver.com/adcr?x=%2FuFw%2BKZN72uevw66Eu1Stf%2F%2F%2Fw%3D%3Dsl05n1SoZD69F9%2FemiFu5Xak2WSMQiUYWPgTOeDYMKfQ2hzLHBr87GDVYkIpswSN7GuO3DZ%2Bs%2BhVc8u%2BQ%2BJvCr0bAoeRkvpJaJBMwPydFbM8QhkkHXK4%2FmSRy5icYE%2F275JC%2BZYQxgIhX02r0OfXY3qIasgcs1UKDOkIqnWflFwMYUSQlS56Lf6BXHECgTf5SMBbAUTLhEczrfo6o%2BFCYJ9koDZhZTyE2PqJzLGA4wO562hFOZUHlUpQWbRfSmQZiTgqjOiBWKip5H72HcgelN9BPJYRB6fQafrXpO%2F811XQ%2Fa18qhDQ1A%2FKJp3fgBDor391W%2FC1w5SVs2sYtTdFSegPTUJ6CFA8SGWsilMCs%2BwTlBIhPdIwgHkhV%2B4auRqdbnSk2ex1pQlEANjUFaPp%2BNvoc%2Fr%2B3ic3kody8MW%2FawFnQ5IvbWE2s8QZl18FGeP1mq9HuNw1tI2%2F8ZrbGbGKPDQfHTdT4l6I3Rvve3TJQzwuOTc34VDS5Q%2B6WpnqOj9Njr2LeHVyMnL4ZMHy6KlKVirtxRJ3ksNAtidHfv%2FWsp9Ty5fCSW7EUHmVP2kqC4wl6D6dozJLygnbpF%2BibVmt3VxsyptOkqaPSLCPNks4hV2M2IWAinpDwg720zBf8CUKXzEOtlUSVHOVeyG%2Fu3wewLzgXZGK0dW0a7RpNcSx83%2FMObiFdmuaMkh3sFWmDgg2P5Hv1T%2FoDPeAT2ZD%2BWCfnsQ%3D%3D&nvMid=88141273329&catId=50002183,34900
거반도 납작복숭아 반납작 생과 고당도 여름 제철 선물용 프리미엄,https://cr.shopping.naver.com/adcr?x=xT89zkQ8bQqHvY0Im3dI3v%2F%2F%2Fw%3D%3DssyQLYq9oHb2sn9pvqhKNkCUustaNfyNZ12iew5vq3SQ2hzLHBr87GDVYkIpswSN7DHvtyNvpYDAFvN0BhHo71EbAoeRkvpJaJBMwPydFbM8QhkkHXK4%2FmSRy5icYE%2F275JC%2BZYQxgIhX02r0OfXY3qIasgcs1UKDOkIqnWflFwMYUSQlS56Lf6BXHECgTf5SMBbAUTLhEczrfo6o%2BFCYJ9koDZhZTyE2PqJzLGA4wO4C65n%2BvZUOQHklLi7yxWdry6u5pVMNbS2VvN9tJA7KQNBPJYRB6fQafrXpO%2F811XQ%2Fa18qhDQ1A%2FKJp3fgBDor391W%2FC1w5SVs2sYtTdFSen0ZUgyhmCBIwrmrKnKOf3Uq49x4qP1gQDMx0njI3ScdnSk2ex1pQlEANjUFaPp%2BNlAeiMnYluAKwfxWoeZSPxwNeoi6o3MopURUmCZNs3xyNp%2FfkNCUPr7GBkzjLFYVrz43b0uHge%2FOK8KcXP6D1B%2F4uXPq0YrDae8%2FI9Pn0ia4MQE0KKrmPPVvBKMzWStvcrK0e%2F%2FXOEkszdMwUrzX%2FknPbPM1gjL4fz6ggYcQMKJXY9Dui0F5uXOYaCtrhWcGoZLQ5qe%2FLIfxiTbg3Qh5VU2QCU4rA9qEITJh30T6VqaO5MvbmGPsxP2mfMyP4USGhYhHPgn5LuqUeZCFEtIxeqz3udo44vKKlREpHW982qOAgqgOvq6z5EpEI5N2xav1Mg%3D%3D&nvMid=89689136414&catId=50002183,19900
경산 천도복숭아 아삭한 애플복숭아 설홍 달콤한 8월신비 이노센스 당일수확 산지직송,https://cr.shopping.naver.com/adcr?x=Hxoa7vJ7TKauO2ckGbp0MP%2F%2F%2Fw%3D%3Ds0zieYNmfQdNHHutE3FxJrlvM9xnDX4cyDnk%2FNV%2F3vgZUZPh5rQI4WZSq31vmdEjRZXg7e5cX5oQ5nXk8ccu7B9of6jW5jHdz%2FbROY2pgmykluxxfm60J9z8rnZUjvqTWZ54KGWL5jcpqj42FBTQDKp1XlAHc6CcYCvKeronFZ1xh3s%2F%2BJHcDF%2BDTt3qzw9jhBju2H9vlf%2B7%2FVgVUBSeHForiPkxPAXjk2LX8wmqtKDTDxouWwAABApk0hXYpbbWohpeuxSD3EhderfSOTZYWhCSUzIWFZmQuZ4CBmnx44zFr6kdrp7BvT8OlwZ7P37YyZp%2FuhVWf5tMOyu5R2EADu0hw7PoSxWHgxU81LcyZ4VMX0I0i6zTQ1poOewZ%2BtazusD6uiSpe8BECiHp%2BoNyFdessEaFrs9ogRpFx6NXHNwmeDePW4HF04DGbL7bmS9RGMxuqhBWmJ44ozGRpdlR%2BTWKjpsvGuRIVAecSfqnsWZ0nku5NAsfiDc2CPeycZyikhLzzKT7f3XMZ8uolFnsL9N7VJEiUMtYmcd8tvAYlS7ZPMmYYiRa7dJ1hjTEVWwNeM%2BbykKeccSt2oZNoAxsJq0gTAs5CLRRZutTJmGYKhnQTnjYNEMwQ66xPylPkMjpmo64FkP9CQbIx7neKc6OctXkdpbBv7X%2BtsN0KeO7od9gWpQRJ0kbJhGeyAaE7ZYu4YzkEHvXYtAMRpurZ9xlv1ldznR4EhPC6BI08fc6TT2xWkbDrUFJ2hBG8QaB8WVzn&nvMid=89436552052&catId=50002183,28200
영동 딱딱이 말랑이 복숭아 천중도 신비 대극천 털 백도 황도 산지직송,https://cr.shopping.naver.com/adcr?x=7HMPnXzjmlqKHUKjii%2BIa%2F%2F%2F%2Fw%3D%3DsrOzfuLQPZ6t%2Bf4dMZSUuD%2FzrT2TW8SvbyvsyhNPz7H%2Fddpgog6vog7UDVTVuLsDcnNvOxEUX8uL05fItl2GaKh4pza8ebIOIXPrPsGGS95ek6v2w9jBqMGR4TTsgYaQnJ1e%2FWPZWmRuH2JLC8L7yS7j7029FML%2FL8r1KmuowAPs%2FRThqVJkaN7kr%2F6Ir%2BcJHmcMC7%2Fbsc%2FVhbBv%2Bz1E1POa0O2TX7GIDZW3de8vjU8yvIdrV8ZGCko2mpQk1vb0B6uUJON%2FFpd9VrYX%2B2AG8LktB3kDyjE8CdR8BX01lGRe54J8UO7LDGXdPU9Do8oyMXmq0wb8nQ9S1CNyVqQgAyJZeeEtyZ4Dh8ASU27zzdefr6kxlcJ%2BnuqJaypclZGKgLdtq9WETdaC8Mi8XlzMWcg%2F0oAu704fo4xGjxs%2BiWIMUIkt5M0yIil13vZMydQVHkTF8bNoFaTBanY%2BYKJxVFnQQ8vLYaXxbZOSm%2F9a8LHw%2BWQuCFYkyHGv47AIzcwTqS1AlfTTBoiSmyq5UeozMKTDnI1hqlzpsACG3MEI3evcrAqrSCtZecZ1ZQbZxYXNj2%2FMP2AtNEfaPzjfXU%2FN3asBf7epkgsGdNstHUD9qN54phM4Xkqwer6KAYBzWkB5nuykMEqFN60kxPvIabT1c1ZFz%2FUmzbv17n2MYJWE5jWjb03yI4vNMEzveQPSGgA5QzY6of2Xpggjm6A4Z8HgJhg%3D%3D&nvMid=82144782811&catId=50002183,20800
성백도 유명 영수 천하제일도 말랑이 딱딱이 못난이 복숭아 2kg 4kg 5kg 10kg,https://cr.shopping.naver.com/adcr?x=6n%2F%2Fb6dRFZ1M5D%2F2nXuZW%2F%2F%2F%2Fw%3D%3Ds5tqE5arIWN6xBaLHaYuLKZY%2BRFqB%2BfmEhGdgHDdXm%2FM2hzLHBr87GDVYkIpswSN7%2BZDYy6C459HRJPlnDqxjZEbAoeRkvpJaJBMwPydFbM8QhkkHXK4%2FmSRy5icYE%2F275JC%2BZYQxgIhX02r0OfXY3qIasgcs1UKDOkIqnWflFwMYUSQlS56Lf6BXHECgTf5SMBbAUTLhEczrfo6o%2BFCYJ9koDZhZTyE2PqJzLGA4wO4j%2B%2F1b9ahE7LKRtTQvGzT3EgvRAfS%2FjaO3%2FvPGfywUN26tgX6zE5lk3QRdgzSp5Kmk6v2w9jBqMGR4TTsgYaQnlII%2ByYYqWVu3SSXxcjEJdJsg8FC5ANkTj88rh%2FvK3ZqUUsklfdigqJCmuaR8dzyAsD6uiSpe8BECiHp%2BoNyFdcFgKDSeFDnCY1zZbCGYS20FpYY%2FcA%2Fh%2F1vAYFGAumw9CpvCCEr0kO9grbLH4ZG0p37mpHf0mJmx12DZFfJja2%2Be6lELpjTOg4qb7AK%2FW0EoVt34384jgMbYTiorzBP7gBgIuKB6Pwf4xKsykkNAqKUXdd31UTYt0RBwHyDWEokphRsrb5efiWa6YUmPVhgdvBZ%2F7jKMuJBa7Lk%2BmBthBrlrWNLxRrWHCJoudYzHCivGOCWun11ktzXeqfHo7%2FruP5b3JwtkFlWzkBAgENdhza%2BTlHiFmEUF4JWpyNRw1XY5aGimR4pR27mrh1IoDTOSgA%3D%3D&nvMid=82558270912&catId=50002183,33900
못난이 흠과 가정용 충주 하늘작 복숭아 비품 4kg,https://cr.shopping.naver.com/adcr?x=I79%2BFll0DiQ8J6%2BKgm2TcP%2F%2F%2Fw%3D%3DswHP8ervzMGA%2Fl%2F0E57sNRT7P6wi2Pao8MRQ%2BeYaMLBc2hzLHBr87GDVYkIpswSN7uNnkZT0Ia4%2F1AWFWvZIOwUbAoeRkvpJaJBMwPydFbM8QhkkHXK4%2FmSRy5icYE%2F275JC%2BZYQxgIhX02r0OfXY3qIasgcs1UKDOkIqnWflFwMYUSQlS56Lf6BXHECgTf5SMBbAUTLhEczrfo6o%2BFCYJ9koDZhZTyE2PqJzLGA4wO51aZY3dcw8qdrlr178J8p96WaxVB7CDeTB3HqetLvspG6tgX6zE5lk3QRdgzSp5Kmk6v2w9jBqMGR4TTsgYaQnlII%2ByYYqWVu3SSXxcjEJdKB0IK09%2Fvtsg838yPSQK7qLcmaIrBwp%2FS4H4tc%2FeKnJ65ZesbGsraQZ4SkMEVZl2WWvjLSjC0ll044PNzY%2BN2Lgc4%2BpM3bSqwDguDrxRlNJUF7EEUoPG2zQOsGDdJ4SUb7ngmY3QgaRbK53gsNsZpH9%2B0FXXZ6IZcCJbv8zyGrp7UTwqp%2BrWsxeENrbhw8RWWVq6SI%2FL7G%2BcTzt9GtxCgqek6wOQkV%2BZXDmHRJS69HhKYTOF5KsHq%2BigGAc1pAeZ8N06ZIa4Stmf3bU7aTSg0kuWvCnrpVd46a0HOEUN9C2Jhf%2BfsXKg25eb%2BRC%2FneYCM2OqH9l6YII5ugOGfB4CYY%3D&nvMid=84680034216&catId=50002183,25000
원주 치악산 복숭아 4kg 백도 딱딱이 반딱딱이,https://cr.shopping.naver.com/adcr?x=hCvup5gFg6jqDWdExncmGf%2F%2F%2Fw%3D%3Dscrqw42lmw%2BberLMqR1UntCE%2FYxHooQ8EYFcNe2jRffo2hzLHBr87GDVYkIpswSN7AYQH7eaIsY4r4c%2BicvWzZkbAoeRkvpJaJBMwPydFbM8QhkkHXK4%2FmSRy5icYE%2F275JC%2BZYQxgIhX02r0OfXY3qIasgcs1UKDOkIqnWflFwMYUSQlS56Lf6BXHECgTf5SIRpk%2F3naDVH141FQydqSq1JReKPpLs7eM2%2Fs8wOUAemmQIKbplxvhQv6zJ%2Bx2C5uvalkqhA%2F%2BLDq5e0TuCq%2FbK%2BCrc6LB6KlCc1Pw1ob5WKAbCY81f975eS5nfR25FBiP83WAv8GAIoQ0MwLPWeb%2FagfxQo73jlKDieCRl4za3g3j%2FlohbEkQlAVP85i7rQYaEbJtGxjvVB5xy5CQC17dodbQVPWY8Zl65Z%2BB28HlciMHn7BDBNaqXNmoKbAeTMv9JX3laopb1KS6HHBi5FEhxhUHlkWJj7hMJyNC2IQsXDeXKvpun1sraxIpfqr3AGWZuKb2X54WIQQ5zFhD9noCiqXmg4WczoMSAJ9HmHX8wSAT7nn5wnsxxOjImk2cxRya1jS8Ua1hwiaLnWMxworxr%2BXMSVFhVRs%2FEM6cWa15gdA2m9AODk%2B7B8GRT96PWKNucytl1SlUO%2FHaMGviB93AmhopkeKUdu5q4dSKA0zkoA%3D&nvMid=86372397086&catId=50002183,35900
장호원 햇사레 백도 황도 4kg 유명 딱딱이 천중도 단호장 비품 못난이,https://cr.shopping.naver.com/adcr?x=amjH0NKYGCgGM5XYHbctI%2F%2F%2F%2Fw%3D%3DsCNyRtbztqUs26jpowEsCo3ql8sIh3AB5ItRJLWv3xhd1oFnz%2BCAKUNYDmRNJKlYRtM8Fj%2F55i%2BY%2BtfRaD4OviIZnlrSZr8PDPdBCvs8uWtdKzInqKADQtYsSu9KSIlX7apzMNFYLpf8418gxx50tlvgrGvxD3xpfmAAqY10wm0f6fKvrVz4nCZLRlPINO%2BBkJxfYBSrxU%2BHc8r%2BjyXxpORDfSDBvRkBad9fdnOvVrJFnT88zuqpFlLY4wXqcgNkMeclTvQeO5qIGA9TWRrpJi3yv7QtOFial636cSrxKknoHs%2F2PHkpmvWjL2qy1nHubLhJIfIGHvppVR4qug74nJZAX13GgfJFefiuZiuMiBtDHvY%2FUzN94OzIr5wG3PfiAnqD3P6eKQ2LpcyLGf1N7vMMnNVv6Jd7OGdze6XvDlpdXl9cgXKPP0b%2FSwD7xKwheAL5LuWNuZgWSGFftrG1mAo34spTjv7d%2BuLZSRhcx%2BcF%2B62duFcDM1pHBl0CViO0cwKd2OSNAGrsKLk8%2B3iTrcRosQwCJrHrcEPmrxFWEYUZaxN3ZjxaX4JbuTCFBTlCPnuIGBY7IlNb7UQZp0334tK1B%2F2paZ%2FxvsMHrCxyiDLUvuR2PS9dR3nh%2FdJvPI49yGNRQsUKMeZAvF2vmvnbfpPnGhNGsj88FKP1J5QWd4LkDfkLIyuldBS3f8m8e6nLmzUhNzs2VE%2B%2Bisqs3JAEppg%3D%3D&nvMid=83256711445&catId=50002183,33900
[최상급] GAP치악산복숭아 13브릭스 15브릭스 고당도 선별 프리미엄 선물용 3kg,https://cr.shopping.naver.com/adcr?x=pGoWIphlntfdnNq%2FsF64yv%2F%2F%2Fw%3D%3DsdgjKXcv5Ub99S5BGtmZ9CzIO5ZlhkDSTZXuNTI%2Bng6xUZPh5rQI4WZSq31vmdEjRhB%2ByK3Rucd6RRbDDbOJmFNof6jW5jHdz%2FbROY2pgmykluxxfm60J9z8rnZUjvqTWZ54KGWL5jcpqj42FBTQDKp1XlAHc6CcYCvKeronFZ1xh3s%2F%2BJHcDF%2BDTt3qzw9jhBju2H9vlf%2B7%2FVgVUBSeHForiPkxPAXjk2LX8wmqtKDQ9ozNHz8cSHCirE6YYeof448uUZfS2wRBAVEwmKZFN4CSUzIWFZmQuZ4CBmnx44zFr6kdrp7BvT8OlwZ7P37YyZp%2FuhVWf5tMOyu5R2EADuw3UW7Z17N0PcIqASsRZrC3e4Yg6ACN6ChLl8pyhDWeHsD6uiSpe8BECiHp%2BoNyFdbSVxTBBOQ7nnW3Gkjg0fz1n5%2F2ecNKo7AC6%2FSqhij812h6E5%2BknM25IW28ETMSvq%2Fu11ZrlqHYbwDGbtUbiTQ5Ys8K2N5EvhOM0gZLhNtRlcUqyIAEJPYQTl9%2BP%2FcOtHFCgEUntI4Cw56JFIotxML84uOlTZuj0d3HRwjRsuzd88zLoRUEAs7afC3EJ6zwO0k8W63jP%2F6m2l%2FLUFS9N%2FERzj9ZNvGE%2FddowFYTRB76OkrBxVl1JXwOdgV%2BzE68sKJna6zUzfAX1RI6ZnRrEB3ZiRsv%2FEyo0GM6%2BmgFhIjYgA35CyMrpXQUt3%2FJvHupy5s1ITc7NlRPvorKrNyQBKaY%3D&nvMid=88213080455&catId=50002183,51900
산지직송 새콤달콤 신선 복숭아 딱복이 물복이 대홍 백천황도 복숭아,https://cr.shopping.naver.com/adcr?x=k%2BXoVDTLIF4SUKCcovF14P%2F%2F%2Fw%3D%3DsNXWo4iEJL8K4RITVbC8IbGEBytUsFx14J5DlE5ykQCHddpgog6vog7UDVTVuLsDcTG%2FztG4DvenbQIvF%2BA3X8h4pza8ebIOIXPrPsGGS95ek6v2w9jBqMGR4TTsgYaQnJ1e%2FWPZWmRuH2JLC8L7yS7j7029FML%2FL8r1KmuowAPs%2FRThqVJkaN7kr%2F6Ir%2BcJHmcMC7%2Fbsc%2FVhbBv%2Bz1E1POa0O2TX7GIDZW3de8vjU8yRaH3kuBLifk7wMfXjXn0Sty%2FbFQZ2JQlDgZ2ZixjSCUtB3kDyjE8CdR8BX01lGRe54J8UO7LDGXdPU9Do8oyMXmq0wb8nQ9S1CNyVqQgAyDsworB3vinBXzLki1pgAyV%2FAxN1LeYa5EAbA6ArPKYXaEbJtGxjvVB5xy5CQC17dtdsvpWV9FP4GGV1JACJE3mMHn7BDBNaqXNmoKbAeTMvwviTTRzRbGLCMG5TYzvXhEeBrjZDfXWaa%2FaagorWOR28RJKk%2FBAIgfnB3jWWuFVfvuHc7Pe8WsYLDPvT0IzLKzK2rWxZj2qRGdXSbaBX55eI90CWt7U9GkLTfwqJTfIrKpeaDhZzOgxIAn0eYdfzBNInBAcESS4SroJgUZSnk%2B1rWNLxRrWHCJoudYzHCivGsVoPAc75uJuC3ghEU7rvnT1jrJ5dW%2BPvskPr6cjg7cf32gATcDBctiUm8ZSPiAJ0aGimR4pR27mrh1IoDTOSgA%3D%3D&nvMid=86395779283&catId=50002183,40000
못난이 파지 잔챙이 잼청 햇사레복숭아 황도백도 4kg/box 여름 과일(이천 장호원),https://cr.shopping.naver.com/adcr?x=r8pL0wASHElz0hWsQnfjw%2F%2F%2F%2Fw%3D%3DsaAFnOI7gslfWug3b4c5i%2F5pfS7h6ViBl0RZhwUpyHgg2hzLHBr87GDVYkIpswSN7XoOgOrek9%2FsoBz6jFlHqVUbAoeRkvpJaJBMwPydFbM8QhkkHXK4%2FmSRy5icYE%2F275JC%2BZYQxgIhX02r0OfXY3qIasgcs1UKDOkIqnWflFwMYUSQlS56Lf6BXHECgTf5SMBbAUTLhEczrfo6o%2BFCYJ9koDZhZTyE2PqJzLGA4wO4gtUmBBpD6uzdEvyR3jeTib16gn5ZIrnj3VyjvvvHa626tgX6zE5lk3QRdgzSp5Kmk6v2w9jBqMGR4TTsgYaQnlII%2ByYYqWVu3SSXxcjEJdEJsmIL2IsVJio4hF7g6QUqii7%2BXKaeodCldrFfyS9bC65ZesbGsraQZ4SkMEVZl2XQtqu9nWPblteJgjlj3JMfgc4%2BpM3bSqwDguDrxRlNJzYx48%2FfHYpyO3t9HJZfWkwRUsTEJOgR8TFSj3vgLhksRv0yA9LnpVVU38QCZsu3D5JNUBrFGp5Ek32%2B%2F%2FXstlhIk1iitC5WMviKJ9h4Gm193eZSlX7ujXYTLnIHTjXSqRTw5uYHUcKg4sxNAHvWtzvYZr%2FR9mzGRG8likG3aYk7gPmzZaX54phPZAuSWfDRo65%2Bwk68dwGKDYuEolNIQ22epNqgkMJW7Ta7riO8T%2Fij9ZHcOSqn8c42DwW7jtRL8oODyx3V7NsivUApiv1MYzkHQIiXcF4qwUXZ2sX76wW8%3D&nvMid=86204341452&catId=50002183,20000
복숭아 딱딱이 말랑이 천도 백도 황도 대극천 신비,https://cr.shopping.naver.com/adcr?x=BnVCSBunj6YMySX%2BAaCyzf%2F%2F%2Fw%3D%3DsdpUJMs5RlLB7L5nhBKLumKFXZjCsPtBH67f47ORRnoTddpgog6vog7UDVTVuLsDckUYwalGHZQVu9SPxlJy2Xh4pza8ebIOIXPrPsGGS95ek6v2w9jBqMGR4TTsgYaQnJ1e%2FWPZWmRuH2JLC8L7yS7j7029FML%2FL8r1KmuowAPs%2FRThqVJkaN7kr%2F6Ir%2BcJHmcMC7%2Fbsc%2FVhbBv%2Bz1E1POa0O2TX7GIDZW3de8vjU8yo4EM16%2F2wzHxMw93YriMeRJofQEZA5wrCWKJDl%2B6Rqa%2BCrc6LB6KlCc1Pw1ob5WKAbCY81f975eS5nfR25FBiP83WAv8GAIoQ0MwLPWeb%2FVSFNIdowwnw19As%2Bnaq6amV28%2FBDAm%2FenljL7AvxYmI%2FFsyWbdemWCcC%2BJGO2KRVfW23Cza5buUhcS4BMKi52DG%2FX3t%2FKNhLJcWuuhZgRR2IImxfJfgCQB9vD1trJ8c4Errp9f14Ds25N2S%2FDfbePTzWje%2BWAAqnmhobeTHzP8Rr7BzJtv7CF1Uil2x65rjz6UjEE3f%2F0YEgFTp2f95Uj2f9OP5979moGLX3UTJiSzaVAGjo1Qs15XrqVakxgXIEST9BDlWvRvXnVGPM7zWzJTfuOYbPvpG%2FyILYf%2FddL6FCAjrzhS4kAV4Y2Q0htbDUovTdzowYizs7n3N1uaQxy5B0CIl3BeKsFF2drF%2B%2BsFv&nvMid=87937568155&catId=50002183,43800
복숭아 납작복숭아 대극천 거반도 반납작 선물용,https://cr.shopping.naver.com/adcr?x=9Wvs1uv2y013IZedfPn8uP%2F%2F%2Fw%3D%3DsTxHNIqlEJjJyIh58EsxiAbCjX3DxryEW3NzR5UedHHc2hzLHBr87GDVYkIpswSN7%2F7EfBYW6VwE%2FkoG%2F0fWCkkbAoeRkvpJaJBMwPydFbM8QhkkHXK4%2FmSRy5icYE%2F275JC%2BZYQxgIhX02r0OfXY3qIasgcs1UKDOkIqnWflFwMYUSQlS56Lf6BXHECgTf5SMBbAUTLhEczrfo6o%2BFCYJ9koDZhZTyE2PqJzLGA4wO6pFBTgNljOkL11EUmkx%2F9CIlNxO04fmBv4FOMr6xycaW6tgX6zE5lk3QRdgzSp5Kmk6v2w9jBqMGR4TTsgYaQnlII%2ByYYqWVu3SSXxcjEJdB8FzPEOZLITk9ajP9BDCLPd15DtJ7xb4%2B143mad%2F0A9sD6uiSpe8BECiHp%2BoNyFdTIYojDZc8ieogLA4JAbIYErEGKjWsd9Q6AOYo37G6rXGWJSNdhd6EsmkxmZrOBnUF5kxogz7gQDfGuS%2F8u0CkjP6GUOp745Ha%2BkxK1O4CxIkCCk7HiZysrN4jKERMD2T2Vq6SI%2FL7G%2BcTzt9GtxCgoFwng1iNpA5KhRe1hUNVFIKYTOF5KsHq%2BigGAc1pAeZxRimS7NRKzERSCpmYQIjLQjxMX5nEsBNwfONbYVejXJVxjv8b1Dwv38t5S0Mc7FRc2OqH9l6YII5ugOGfB4CYY%3D&nvMid=84575671817&catId=50002183,39800
(Signature) 밤비네 햇사레 복숭아,https://cr.shopping.naver.com/adcr?x=4hG8Jg4dLWzII%2B8VKqDXIf%2F%2F%2Fw%3D%3DsOWS3F3Z4hd2MtPRMf8R8uDGRuVLe2b0H7d%2BwpwjyuHFUZPh5rQI4WZSq31vmdEjRPf%2FIWUw1xhq7XPD6AReEwNof6jW5jHdz%2FbROY2pgmykluxxfm60J9z8rnZUjvqTWZ54KGWL5jcpqj42FBTQDKp1XlAHc6CcYCvKeronFZ1xh3s%2F%2BJHcDF%2BDTt3qzw9jhBju2H9vlf%2B7%2FVgVUBSeHForiPkxPAXjk2LX8wmqtKDSf3WK0uXuemMqxvmGl6m5Z801Erq5tgAkDTMcS1fEKKeVKxmu42qVdhhohWyM2SDkQhkkHXK4%2FmSRy5icYE%2F27%2FhDyiXZ86Jo%2BZEQ64BV62R4LDk6U80mT8x1eXBB41Koabwtf2fPjwLqEaK%2FhL1uhsRKBmbHnH9WdWTEjtaC%2BQBaQRYopgAnZi%2BashBDVVeYZoMDKMVZ5OMWeInvm9L%2F2h7p%2FCCNBXxq1tvXdKJgw%2FhLmVO3gGLkorXRPqmhv5GFgSdlhiniW2CDe%2Bm1X16lBR0wR%2BiqEIub8%2BxFX5k6TpeHX9VqipRX%2FqyS4nNkVrTQ7N%2FraZZmRrz5KQFSprpeZA%2BRK%2FEM1GalyhNTu%2B2%2BhC71AVcltZ34wsPdrSvJiw8dvU2Y6hEEwGxc1AZfON9sL4VRAH%2BsMDObarUodGweR8Q%3D%3D&nvMid=86378200781&catId=50002183,19900
"위드피치의 프리미엄 복숭아 유명(백도딱복), 대황모, 엘바백도",https://cr.shopping.naver.com/adcr?x=7Tlhm1eMYNPPmOg3x02o8P%2F%2F%2Fw%3D%3DsfeouriUbzZ7N1MPefOXpTus6vgHd2YTaJw0H%2BOFjVzfddpgog6vog7UDVTVuLsDcTCf7y0bfMs7J%2F%2ByBwwzYSR4pza8ebIOIXPrPsGGS95ek6v2w9jBqMGR4TTsgYaQnJ1e%2FWPZWmRuH2JLC8L7yS7j7029FML%2FL8r1KmuowAPs%2FRThqVJkaN7kr%2F6Ir%2BcJHmcMC7%2Fbsc%2FVhbBv%2Bz1E1POa0O2TX7GIDZW3de8vjU8w%2FcoGC92pqionnhonipbaceFOeuGM4Dlf5GK%2Bp9SjD80tB3kDyjE8CdR8BX01lGRe54J8UO7LDGXdPU9Do8oyMXmq0wb8nQ9S1CNyVqQgAyBYKHKDJmaov9aHVbcH7mhI9Esos5%2Bh0fYJrAoSn8WCNaEbJtGxjvVB5xy5CQC17drTCJkwxrpGUKxDKdzNelX2MHn7BDBNaqXNmoKbAeTMvfFBpn%2B%2FsWUjsWRH3gMzSufGZroo5i69LkbvJ6Mo5rrdyd0JUuh4kfYlxJEyO497EJ3g6nqF8mbCh6mFekFrSKkaQDO7tV%2FAk%2FeZHN2%2Fgkl1idFj%2BteCByFdj5RXgPOpvYPkA2cq2Lah6o%2FfcAoPPKTlfztg3LlJBhKyq%2FGo3pMZ6wCV55Q6rgEZ%2F6TWDTNNfO8Y7dnfjL8SXH2DYLiBHvBmBY7r%2BxN7UPFzOS3F7scE6HJZQgjI8VSlbO1R88zJ2DVCYCaeglF2rgr1u2OQIzQ%3D%3D&nvMid=83261085433&catId=50002183,29000
프리미엄 선물 고당도 충주 하늘작 복숭아 말랑이 황도 백도 딱딱이 물복 딱복 3kg 4kg,https://cr.shopping.naver.com/adcr?x=ZAxlmwwprJ%2F3%2BxA5lMfXZf%2F%2F%2Fw%3D%3DshtW%2BpSIPK04dDUe6EKG3diGlyxDFeL5klCA1hHXsbCc2hzLHBr87GDVYkIpswSN7d6W9w0t3Wp%2B73GnEZyAGH0bAoeRkvpJaJBMwPydFbM8QhkkHXK4%2FmSRy5icYE%2F275JC%2BZYQxgIhX02r0OfXY3qIasgcs1UKDOkIqnWflFwMYUSQlS56Lf6BXHECgTf5SMBbAUTLhEczrfo6o%2BFCYJ9koDZhZTyE2PqJzLGA4wO4gqXZduTLcb4dVM2nwS6s0vU50tIpFTjMwBc7uPsDJDW6tgX6zE5lk3QRdgzSp5Kmk6v2w9jBqMGR4TTsgYaQnlII%2ByYYqWVu3SSXxcjEJdAMbm3wy36xJ62zh8O0GWeqLcmaIrBwp%2FS4H4tc%2FeKnJ65ZesbGsraQZ4SkMEVZl2QneZ2fJkDOF%2BA7KPd10yAfdRB%2BkQWxCRWrfJqN8VUbFrWPB51rqh2p0PYojcWdWrplfv3%2FbWVyimJGpDg%2FBPZsQsCiRjoHegVKTSleAI%2FWasGzh5iOquzVwxTMtXx%2BXj9XWNN659wUDG%2Bh6hx2LKxgxRAady%2BpzOISs0u5A0Dthp%2F3i%2FzXxcriwSmH8ysNBHXMBoFePD3l1zjE2Sj2foxUGdFpJV1RNq7cmORCRAJ2EKYTOF5KsHq%2BigGAc1pAeZ8N06ZIa4Stmf3bU7aTSg0nnFuGR4%2B1EwPwqplI56SsvKPiUKm5mjlcVjWGWx3H93s2OqH9l6YII5ugOGfB4CYY%3D&nvMid=84446906013&catId=50002183,46900
"[당도선별] 거반도복숭아 비품 (핵할, 마른기스 등)",https://cr.shopping.naver.com/adcr?x=yCUdeBb3x5UhXiGC55Dkef%2F%2F%2Fw%3D%3Ds8M3zb0c%2Brk7YqYwa0ZE5z3VUGu1hZiq7KwDZyuUkPM42hzLHBr87GDVYkIpswSN7y2tHaV1soDxOHLMXj9a3Q0bAoeRkvpJaJBMwPydFbM8QhkkHXK4%2FmSRy5icYE%2F275JC%2BZYQxgIhX02r0OfXY3qIasgcs1UKDOkIqnWflFwMYUSQlS56Lf6BXHECgTf5SMBbAUTLhEczrfo6o%2BFCYJ9koDZhZTyE2PqJzLGA4wO5ISioQx0liQPiS7FUZfqMkaxlTus7lwvb90ziwxR8%2Fz9BPJYRB6fQafrXpO%2F811XQ%2Fa18qhDQ1A%2FKJp3fgBDor391W%2FC1w5SVs2sYtTdFSevqiF1yCfZFuxGYXxaDRJHxEf4PXZAMis%2F6VwNWwIcBenSk2ex1pQlEANjUFaPp%2BNkqRVwYjYtiwsYhnjQfRP%2B3Cgyt%2FXXfk08Hj1%2FizOSkEz2hxxwskiex0c8A1W2qeFIbw2aZ6ozMFgTUt56y%2Blqluavwqo32zCXZeNhq410Y9Uuz8wkTtcY5G%2Fn0pVidSqUPibHrNOgPTgXxwbQO7pIsWamEgKdrz8GAMBUXUtS%2BXrUH%2Falpn%2FG%2BwwesLHKIMtdRUHvTPHcjDE8CFHoh5SaV1VqTcTIL3rWYTw6NyuNfS0EsnYdtuW9FwihSE8x8XFVaFndIwdNwuWmKtx1HNSCrUkiyUGZ3FpPHvE7X48%2Bhb&nvMid=89731520460&catId=50002183,23900
"감곡햇사레 산지직송 영주농장 복숭아 부드러운백도,딱딱이 ,황도,납작이복숭아3kg",https://cr.shopping.naver.com/adcr?x=muHpriDv5BaohnghbLU88%2F%2F%2F%2Fw%3D%3Ds6NoVXqBSKa0FZWX9jhFr4RbgeXJ7pwUWK7EOApsNmiU2hzLHBr87GDVYkIpswSN7hPjqKbbYqWA6wx4V2d42EUbAoeRkvpJaJBMwPydFbM8QhkkHXK4%2FmSRy5icYE%2F275JC%2BZYQxgIhX02r0OfXY3qIasgcs1UKDOkIqnWflFwMYUSQlS56Lf6BXHECgTf5SMBbAUTLhEczrfo6o%2BFCYJ9koDZhZTyE2PqJzLGA4wO5BFJwZZ2IYCZCKMWOkO26Wwr0%2Fb04cwJhog0BUCWVTXdBPJYRB6fQafrXpO%2F811XQ%2Fa18qhDQ1A%2FKJp3fgBDor391W%2FC1w5SVs2sYtTdFSehY6A%2Fv4293nx0lSsBzfEitBXEabLjNMgfpH76rZTMsxLdtq9WETdaC8Mi8XlzMWcmYYIvoLrB%2FFiCAE%2BW3hwcfp%2BWgLGvZiZkHmgOfnw6DohROfmtPvJtXNfBqhMzvht9I9ynH3ZM5TS9bIsZ%2BXxGU7YhPSxPgpD9dcl6rJYdQkpCmJHefN9mmC%2BszoDNmAvXRp9251%2BymO7wnA5Gth46WeI4vXCw62u2r0ZlGotB%2FR7nqOrEr7Bu4GY47SmNxEhQsMprU9z8bVq5vho1f1WW2zpzCRdv57WyQPnmpEeChu05%2FiL3MWsFcTbnjz%2FZLXra9fJRavwNuH74UYksBXIlUtA9vOH1xztvui%2FXMaP%2BD%2FA5GgMsn8K93aRBtpdwBIr8cgIRCk8vtGb7Z%2FKGMSEdE%3D&nvMid=88096265925&catId=50002183,45000
경산 석이네 복숭아 달콤한 옐로드림 이노센스 설홍 신비 천도복숭아,https://cr.shopping.naver.com/adcr?x=DTBmJ2FZ7W0%2F4AzphCzdC%2F%2F%2F%2Fw%3D%3DskCKo1nnbI%2FTE5vOcxbpgLyVmr3SE58V0pU4ngItx9s1UZPh5rQI4WZSq31vmdEjR23c1dy62eqpDMWLNWLTSOtof6jW5jHdz%2FbROY2pgmykluxxfm60J9z8rnZUjvqTWZ54KGWL5jcpqj42FBTQDKp1XlAHc6CcYCvKeronFZ1xh3s%2F%2BJHcDF%2BDTt3qzw9jhBju2H9vlf%2B7%2FVgVUBSeHForiPkxPAXjk2LX8wmqtKDTVQCV68VmLXHdadVkC1%2F29gbVcndmpVWULc3pjAbYqdSSUzIWFZmQuZ4CBmnx44zFr6kdrp7BvT8OlwZ7P37YyZp%2FuhVWf5tMOyu5R2EADu%2FpDesAR7P7mOxznAtHTJt44W5M4ay%2FbjEKPOkaWlEw3sD6uiSpe8BECiHp%2BoNyFdcDWB%2FJbZpZl0aKQqRtt58CeDePW4HF04DGbL7bmS9RGYBwNyO8tebbgzgS6dLqE0JhmyjGCpP7F2oZftk7aZNHHqSLlVLml5bl9TuDjYNQ4BEL72I7xBpAMcp0NPUARg%2F0d1L%2BlsIJXUMLuFOHYt7Ke%2BooNFhOvaSdECG7T3yY%2BE6myAYP1AtD2zY4oesq2ZoFN7CY7FhxZ9cO6gqY8xfIP7UbNjIJABWwM7q6UxJuWVpJwAQDPZqMRfNbYNQv%2BRhks6U7Urlep0goSB0LSogL8PYAAgfqMbqdhaxPuA0YLDhLBwu%2FFQS5xWYf5w6G3jQ%3D%3D&nvMid=88805415152&catId=50002183,29000
